segment_index,segment_state,stage,target_channel,sweep_value,sweep_unit,bias_I,bias_Q,bias_P,pilot_mode,blocks,mag_fI,mag_fQ,mag_fdiff_200,mag_fsum_2200,dc
1,SCAN_I_MATP,matp,i,-9.000000,V,-9.000000,0.000000,0.000000,onboard,10,0.210492998,0.000000000,0.000000000,0.000000000,0.969024956
1,SCAN_I_MATP,matp,i,-8.900000,V,-8.900000,0.000000,0.000000,onboard,10,0.308986008,0.000000000,0.000000000,0.000000000,0.927722812
1,SCAN_I_MATP,matp,i,-8.799999,V,-8.799999,0.000000,0.000000,onboard,10,0.309305817,0.000000000,0.000000000,0.000000000,0.940167904
1,SCAN_I_MATP,matp,i,-8.699999,V,-8.699999,0.000000,0.000000,onboard,10,0.307622135,0.000000000,0.000000000,0.000000000,0.954857528
1,SCAN_I_MATP,matp,i,-8.599998,V,-8.599998,0.000000,0.000000,onboard,10,0.305299193,0.000000000,0.000000000,0.000000000,0.970030606
1,SCAN_I_MATP,matp,i,-8.499998,V,-8.499998,0.000000,0.000000,onboard,10,0.304061502,0.000000000,0.000000000,0.000000000,0.985225081
1,SCAN_I_MATP,matp,i,-8.399998,V,-8.399998,0.000000,0.000000,onboard,10,0.302829564,0.000000000,0.000000000,0.000000000,1.000528693
1,SCAN_I_MATP,matp,i,-8.299997,V,-8.299997,0.000000,0.000000,onboard,10,0.300253987,0.000000000,0.000000000,0.000000000,1.016476035
1,SCAN_I_MATP,matp,i,-8.199997,V,-8.199997,0.000000,0.000000,onboard,10,0.298062563,0.000000000,0.000000000,0.000000000,1.031927586
1,SCAN_I_MATP,matp,i,-8.099997,V,-8.099997,0.000000,0.000000,onboard,10,0.296746552,0.000000000,0.000000000,0.000000000,1.048120260
1,SCAN_I_MATP,matp,i,-7.999997,V,-7.999997,0.000000,0.000000,onboard,10,0.293292701,0.000000000,0.000000000,0.000000000,1.063387394
1,SCAN_I_MATP,matp,i,-7.899997,V,-7.899997,0.000000,0.000000,onboard,10,0.290353239,0.000000000,0.000000000,0.000000000,1.079205751
1,SCAN_I_MATP,matp,i,-7.799997,V,-7.799997,0.000000,0.000000,onboard,10,0.288540900,0.000000000,0.000000000,0.000000000,1.095513821
1,SCAN_I_MATP,matp,i,-7.699997,V,-7.699997,0.000000,0.000000,onboard,10,0.284758866,0.000000000,0.000000000,0.000000000,1.110568881
1,SCAN_I_MATP,matp,i,-7.599997,V,-7.599997,0.000000,0.000000,onboard,10,0.281310797,0.000000000,0.000000000,0.000000000,1.125483036
1,SCAN_I_MATP,matp,i,-7.499997,V,-7.499997,0.000000,0.000000,onboard,10,0.278494954,0.000000000,0.000000000,0.000000000,1.141263127
1,SCAN_I_MATP,matp,i,-7.399997,V,-7.399997,0.000000,0.000000,onboard,10,0.274018914,0.000000000,0.000000000,0.000000000,1.156422973
1,SCAN_I_MATP,matp,i,-7.299997,V,-7.299997,0.000000,0.000000,onboard,10,0.270189047,0.000000000,0.000000000,0.000000000,1.171269894
1,SCAN_I_MATP,matp,i,-7.199997,V,-7.199997,0.000000,0.000000,onboard,10,0.266448557,0.000000000,0.000000000,0.000000000,1.186058879
1,SCAN_I_MATP,matp,i,-7.099998,V,-7.099998,0.000000,0.000000,onboard,10,0.261121213,0.000000000,0.000000000,0.000000000,1.199166656
1,SCAN_I_MATP,matp,i,-6.999998,V,-6.999998,0.000000,0.000000,onboard,10,0.257099301,0.000000000,0.000000000,0.000000000,1.200007439
1,SCAN_I_MATP,matp,i,-6.899998,V,-6.899998,0.000000,0.000000,onboard,10,0.252603352,0.000000000,0.000000000,0.000000000,1.200007439
1,SCAN_I_MATP,matp,i,-6.799998,V,-6.799998,0.000000,0.000000,onboard,10,0.246918052,0.000000000,0.000000000,0.000000000,1.200007439
1,SCAN_I_MATP,matp,i,-6.699998,V,-6.699998,0.000000,0.000000,onboard,10,0.242127627,0.000000000,0.000000000,0.000000000,1.200007439
1,SCAN_I_MATP,matp,i,-6.599998,V,-6.599998,0.000000,0.000000,onboard,10,0.237244040,0.000000000,0.000000000,0.000000000,1.200007439
1,SCAN_I_MATP,matp,i,-6.499998,V,-6.499998,0.000000,0.000000,onboard,10,0.231286839,0.000000000,0.000000000,0.000000000,1.200007439
1,SCAN_I_MATP,matp,i,-6.399998,V,-6.399998,0.000000,0.000000,onboard,10,0.225615859,0.000000000,0.000000000,0.000000000,1.200007439
1,SCAN_I_MATP,matp,i,-6.299998,V,-6.299998,0.000000,0.000000,onboard,10,0.220342919,0.000000000,0.000000000,0.000000000,1.200007439
1,SCAN_I_MATP,matp,i,-6.199998,V,-6.199998,0.000000,0.000000,onboard,10,0.214005917,0.000000000,0.000000000,0.000000000,1.200007439
1,SCAN_I_MATP,matp,i,-6.099998,V,-6.099998,0.000000,0.000000,onboard,10,0.207082659,0.000000000,0.000000000,0.000000000,1.200007439
1,SCAN_I_MATP,matp,i,-5.999999,V,-5.999999,0.000000,0.000000,onboard,10,0.200841352,0.000000000,0.000000000,0.000000000,1.200007439
1,SCAN_I_MATP,matp,i,-5.899999,V,-5.899999,0.000000,0.000000,onboard,10,0.194695264,0.000000000,0.000000000,0.000000000,1.200007439
1,SCAN_I_MATP,matp,i,-5.799999,V,-5.799999,0.000000,0.000000,onboard,10,0.187708735,0.000000000,0.000000000,0.000000000,1.200007439
1,SCAN_I_MATP,matp,i,-5.699999,V,-5.699999,0.000000,0.000000,onboard,10,0.180741698,0.000000000,0.000000000,0.000000000,1.200007439
1,SCAN_I_MATP,matp,i,-5.599999,V,-5.599999,0.000000,0.000000,onboard,10,0.174003750,0.000000000,0.000000000,0.000000000,1.200007439
1,SCAN_I_MATP,matp,i,-5.499999,V,-5.499999,0.000000,0.000000,onboard,10,0.166599005,0.000000000,0.000000000,0.000000000,1.200007439
1,SCAN_I_MATP,matp,i,-5.399999,V,-5.399999,0.000000,0.000000,onboard,10,0.159141421,0.000000000,0.000000000,0.000000000,1.200007439
1,SCAN_I_MATP,matp,i,-5.299999,V,-5.299999,0.000000,0.000000,onboard,10,0.152190357,0.000000000,0.000000000,0.000000000,1.200007439
1,SCAN_I_MATP,matp,i,-5.199999,V,-5.199999,0.000000,0.000000,onboard,10,0.144524008,0.000000000,0.000000000,0.000000000,1.200007439
1,SCAN_I_MATP,matp,i,-5.099999,V,-5.099999,0.000000,0.000000,onboard,10,0.136783093,0.000000000,0.000000000,0.000000000,1.200007439
1,SCAN_I_MATP,matp,i,-5.000000,V,-5.000000,0.000000,0.000000,onboard,10,0.129051298,0.000000000,0.000000000,0.000000000,1.200007439
1,SCAN_I_MATP,matp,i,-4.900000,V,-4.900000,0.000000,0.000000,onboard,10,0.120804235,0.000000000,0.000000000,0.000000000,1.200007439
1,SCAN_I_MATP,matp,i,-4.800000,V,-4.800000,0.000000,0.000000,onboard,10,0.113022164,0.000000000,0.000000000,0.000000000,1.200007439
1,SCAN_I_MATP,matp,i,-4.700000,V,-4.700000,0.000000,0.000000,onboard,10,0.104881249,0.000000000,0.000000000,0.000000000,1.200007439
1,SCAN_I_MATP,matp,i,-4.600000,V,-4.600000,0.000000,0.000000,onboard,10,0.096356735,0.000000000,0.000000000,0.000000000,1.200007439
1,SCAN_I_MATP,matp,i,-4.500000,V,-4.500000,0.000000,0.000000,onboard,10,0.088108808,0.000000000,0.000000000,0.000000000,1.200007439
1,SCAN_I_MATP,matp,i,-4.400000,V,-4.400000,0.000000,0.000000,onboard,10,0.079974733,0.000000000,0.000000000,0.000000000,1.200007439
1,SCAN_I_MATP,matp,i,-4.300000,V,-4.300000,0.000000,0.000000,onboard,10,0.071283355,0.000000000,0.000000000,0.000000000,1.200007439
1,SCAN_I_MATP,matp,i,-4.200000,V,-4.200000,0.000000,0.000000,onboard,10,0.062785052,0.000000000,0.000000000,0.000000000,1.200007439
1,SCAN_I_MATP,matp,i,-4.100000,V,-4.100000,0.000000,0.000000,onboard,10,0.054456294,0.000000000,0.000000000,0.000000000,1.200007439
1,SCAN_I_MATP,matp,i,-4.000000,V,-4.000000,0.000000,0.000000,onboard,10,0.045565106,0.000000000,0.000000000,0.000000000,1.200007439
1,SCAN_I_MATP,matp,i,-3.900001,V,-3.900001,0.000000,0.000000,onboard,10,0.037030607,0.000000000,0.000000000,0.000000000,1.200007439
1,SCAN_I_MATP,matp,i,-3.800001,V,-3.800001,0.000000,0.000000,onboard,10,0.028705597,0.000000000,0.000000000,0.000000000,1.200007439
1,SCAN_I_MATP,matp,i,-3.700001,V,-3.700001,0.000000,0.000000,onboard,10,0.020065814,0.000000000,0.000000000,0.000000000,1.200007439
1,SCAN_I_MATP,matp,i,-3.600001,V,-3.600001,0.000000,0.000000,onboard,10,0.012069405,0.000000000,0.000000000,0.000000000,1.200007439
1,SCAN_I_MATP,matp,i,-3.500001,V,-3.500001,0.000000,0.000000,onboard,10,0.006490736,0.000000000,0.000000000,0.000000000,1.200007439
1,SCAN_I_MATP,matp,i,-3.400001,V,-3.400001,0.000000,0.000000,onboard,10,0.009784782,0.000000000,0.000000000,0.000000000,1.200007439
1,SCAN_I_MATP,matp,i,-3.300001,V,-3.300001,0.000000,0.000000,onboard,10,0.017280878,0.000000000,0.000000000,0.000000000,1.200007439
1,SCAN_I_MATP,matp,i,-3.200001,V,-3.200001,0.000000,0.000000,onboard,10,0.025746157,0.000000000,0.000000000,0.000000000,1.200007439
1,SCAN_I_MATP,matp,i,-3.100001,V,-3.100001,0.000000,0.000000,onboard,10,0.034466635,0.000000000,0.000000000,0.000000000,1.200007439
1,SCAN_I_MATP,matp,i,-3.000001,V,-3.000001,0.000000,0.000000,onboard,10,0.043053132,0.000000000,0.000000000,0.000000000,1.200007439
1,SCAN_I_MATP,matp,i,-2.900002,V,-2.900002,0.000000,0.000000,onboard,10,0.051724426,0.000000000,0.000000000,0.000000000,1.200007439
1,SCAN_I_MATP,matp,i,-2.800002,V,-2.800002,0.000000,0.000000,onboard,10,0.060363889,0.000000000,0.000000000,0.000000000,1.200007439
1,SCAN_I_MATP,matp,i,-2.700002,V,-2.700002,0.000000,0.000000,onboard,10,0.068974033,0.000000000,0.000000000,0.000000000,1.200007439
1,SCAN_I_MATP,matp,i,-2.600002,V,-2.600002,0.000000,0.000000,onboard,10,0.077821136,0.000000000,0.000000000,0.000000000,1.200007439
1,SCAN_I_MATP,matp,i,-2.500002,V,-2.500002,0.000000,0.000000,onboard,10,0.086338624,0.000000000,0.000000000,0.000000000,1.200007439
1,SCAN_I_MATP,matp,i,-2.400002,V,-2.400002,0.000000,0.000000,onboard,10,0.094530366,0.000000000,0.000000000,0.000000000,1.200007439
1,SCAN_I_MATP,matp,i,-2.300002,V,-2.300002,0.000000,0.000000,onboard,10,0.103192493,0.000000000,0.000000000,0.000000000,1.200007439
1,SCAN_I_MATP,matp,i,-2.200002,V,-2.200002,0.000000,0.000000,onboard,10,0.111443415,0.000000000,0.000000000,0.000000000,1.200007439
1,SCAN_I_MATP,matp,i,-2.100002,V,-2.100002,0.000000,0.000000,onboard,10,0.119121730,0.000000000,0.000000000,0.000000000,1.200007439
1,SCAN_I_MATP,matp,i,-2.000002,V,-2.000002,0.000000,0.000000,onboard,10,0.127836600,0.000000000,0.000000000,0.000000000,1.200007439
1,SCAN_I_MATP,matp,i,-1.900002,V,-1.900002,0.000000,0.000000,onboard,10,0.135795727,0.000000000,0.000000000,0.000000000,1.200007439
1,SCAN_I_MATP,matp,i,-1.800002,V,-1.800002,0.000000,0.000000,onboard,10,0.143063933,0.000000000,0.000000000,0.000000000,1.200007439
1,SCAN_I_MATP,matp,i,-1.700002,V,-1.700002,0.000000,0.000000,onboard,10,0.151276916,0.000000000,0.000000000,0.000000000,1.200007439
1,SCAN_I_MATP,matp,i,-1.600002,V,-1.600002,0.000000,0.000000,onboard,10,0.159196883,0.000000000,0.000000000,0.000000000,1.200007439
1,SCAN_I_MATP,matp,i,-1.500002,V,-1.500002,0.000000,0.000000,onboard,10,0.166302025,0.000000000,0.000000000,0.000000000,1.200007439
1,SCAN_I_MATP,matp,i,-1.400002,V,-1.400002,0.000000,0.000000,onboard,10,0.173899591,0.000000000,0.000000000,0.000000000,1.200007439
1,SCAN_I_MATP,matp,i,-1.300002,V,-1.300002,0.000000,0.000000,onboard,10,0.181452066,0.000000000,0.000000000,0.000000000,1.200007439
1,SCAN_I_MATP,matp,i,-1.200002,V,-1.200002,0.000000,0.000000,onboard,10,0.188313231,0.000000000,0.000000000,0.000000000,1.200007439
1,SCAN_I_MATP,matp,i,-1.100002,V,-1.100002,0.000000,0.000000,onboard,10,0.194885403,0.000000000,0.000000000,0.000000000,1.200007439
1,SCAN_I_MATP,matp,i,-1.000002,V,-1.000002,0.000000,0.000000,onboard,10,0.201705426,0.000000000,0.000000000,0.000000000,1.200007439
1,SCAN_I_MATP,matp,i,-0.900002,V,-0.900002,0.000000,0.000000,onboard,10,0.208936691,0.000000000,0.000000000,0.000000000,1.200007439
1,SCAN_I_MATP,matp,i,-0.800002,V,-0.800002,0.000000,0.000000,onboard,10,0.214457601,0.000000000,0.000000000,0.000000000,1.200007439
1,SCAN_I_MATP,matp,i,-0.700002,V,-0.700002,0.000000,0.000000,onboard,10,0.220565289,0.000000000,0.000000000,0.000000000,1.200007439
1,SCAN_I_MATP,matp,i,-0.600002,V,-0.600002,0.000000,0.000000,onboard,10,0.227463633,0.000000000,0.000000000,0.000000000,1.200007439
1,SCAN_I_MATP,matp,i,-0.500002,V,-0.500002,0.000000,0.000000,onboard,10,0.232953876,0.000000000,0.000000000,0.000000000,1.200007439
1,SCAN_I_MATP,matp,i,-0.400002,V,-0.400002,0.000000,0.000000,onboard,10,0.237876385,0.000000000,0.000000000,0.000000000,1.200007439
1,SCAN_I_MATP,matp,i,-0.300002,V,-0.300002,0.000000,0.000000,onboard,10,0.244264051,0.000000000,0.000000000,0.000000000,1.200007439
1,SCAN_I_MATP,matp,i,-0.200002,V,-0.200002,0.000000,0.000000,onboard,10,0.248910904,0.000000000,0.000000000,0.000000000,1.200007439
1,SCAN_I_MATP,matp,i,-0.100002,V,-0.100002,0.000000,0.000000,onboard,10,0.254231155,0.000000000,0.000000000,0.000000000,1.200007439
1,SCAN_I_MATP,matp,i,-0.000002,V,-0.000002,0.000000,0.000000,onboard,10,0.259831637,0.000000000,0.000000000,0.000000000,1.200007439
1,SCAN_I_MATP,matp,i,0.099998,V,0.099998,0.000000,0.000000,onboard,10,0.263172537,0.000000000,0.000000000,0.000000000,1.200007439
1,SCAN_I_MATP,matp,i,0.199998,V,0.199998,0.000000,0.000000,onboard,10,0.267883480,0.000000000,0.000000000,0.000000000,1.200007439
1,SCAN_I_MATP,matp,i,0.299998,V,0.299998,0.000000,0.000000,onboard,10,0.272739351,0.000000000,0.000000000,0.000000000,1.199739695
1,SCAN_I_MATP,matp,i,0.399998,V,0.399998,0.000000,0.000000,onboard,10,0.275226295,0.000000000,0.000000000,0.000000000,1.185782909
1,SCAN_I_MATP,matp,i,0.499998,V,0.499998,0.000000,0.000000,onboard,10,0.279436201,0.000000000,0.000000000,0.000000000,1.170411706
1,SCAN_I_MATP,matp,i,0.599998,V,0.599998,0.000000,0.000000,onboard,10,0.283387959,0.000000000,0.000000000,0.000000000,1.155006647
1,SCAN_I_MATP,matp,i,0.699998,V,0.699998,0.000000,0.000000,onboard,10,0.285258144,0.000000000,0.000000000,0.000000000,1.139456034
1,SCAN_I_MATP,matp,i,0.799998,V,0.799998,0.000000,0.000000,onboard,10,0.288539231,0.000000000,0.000000000,0.000000000,1.123197794
1,SCAN_I_MATP,matp,i,0.899998,V,0.899998,0.000000,0.000000,onboard,10,0.292087644,0.000000000,0.000000000,0.000000000,1.107375383
1,SCAN_I_MATP,matp,i,0.999998,V,0.999998,0.000000,0.000000,onboard,10,0.293592632,0.000000000,0.000000000,0.000000000,1.091732621
1,SCAN_I_MATP,matp,i,1.099998,V,1.099998,0.000000,0.000000,onboard,10,0.295923471,0.000000000,0.000000000,0.000000000,1.075117350
1,SCAN_I_MATP,matp,i,1.199998,V,1.199998,0.000000,0.000000,onboard,10,0.298628032,0.000000000,0.000000000,0.000000000,1.058262587
1,SCAN_I_MATP,matp,i,1.299998,V,1.299998,0.000000,0.000000,onboard,10,0.299976349,0.000000000,0.000000000,0.000000000,1.042144656
1,SCAN_I_MATP,matp,i,1.399998,V,1.399998,0.000000,0.000000,onboard,10,0.300889194,0.000000000,0.000000000,0.000000000,1.025839210
1,SCAN_I_MATP,matp,i,1.499998,V,1.499998,0.000000,0.000000,onboard,10,0.301947922,0.000000000,0.000000000,0.000000000,1.009017229
1,SCAN_I_MATP,matp,i,1.599998,V,1.599998,0.000000,0.000000,onboard,10,0.303663909,0.000000000,0.000000000,0.000000000,0.992827594
1,SCAN_I_MATP,matp,i,1.699998,V,1.699998,0.000000,0.000000,onboard,10,0.303153694,0.000000000,0.000000000,0.000000000,0.975077927
1,SCAN_I_MATP,matp,i,1.799998,V,1.799998,0.000000,0.000000,onboard,10,0.303431123,0.000000000,0.000000000,0.000000000,0.958703339
1,SCAN_I_MATP,matp,i,1.899998,V,1.899998,0.000000,0.000000,onboard,10,0.304494381,0.000000000,0.000000000,0.000000000,0.942050576
1,SCAN_I_MATP,matp,i,1.999998,V,1.999998,0.000000,0.000000,onboard,10,0.304043114,0.000000000,0.000000000,0.000000000,0.925719440
1,SCAN_I_MATP,matp,i,2.099998,V,2.099998,0.000000,0.000000,onboard,10,0.302936554,0.000000000,0.000000000,0.000000000,0.908377826
1,SCAN_I_MATP,matp,i,2.199998,V,2.199998,0.000000,0.000000,onboard,10,0.303253800,0.000000000,0.000000000,0.000000000,0.891488850
1,SCAN_I_MATP,matp,i,2.299998,V,2.299998,0.000000,0.000000,onboard,10,0.302014351,0.000000000,0.000000000,0.000000000,0.874356151
1,SCAN_I_MATP,matp,i,2.399998,V,2.399998,0.000000,0.000000,onboard,10,0.301176012,0.000000000,0.000000000,0.000000000,0.857780337
1,SCAN_I_MATP,matp,i,2.499998,V,2.499998,0.000000,0.000000,onboard,10,0.300305545,0.000000000,0.000000000,0.000000000,0.841224313
1,SCAN_I_MATP,matp,i,2.599998,V,2.599998,0.000000,0.000000,onboard,10,0.297579408,0.000000000,0.000000000,0.000000000,0.824769199
1,SCAN_I_MATP,matp,i,2.699998,V,2.699998,0.000000,0.000000,onboard,10,0.296229422,0.000000000,0.000000000,0.000000000,0.808514893
1,SCAN_I_MATP,matp,i,2.799998,V,2.799998,0.000000,0.000000,onboard,10,0.294276029,0.000000000,0.000000000,0.000000000,0.792208612
1,SCAN_I_MATP,matp,i,2.899997,V,2.899997,0.000000,0.000000,onboard,10,0.290801525,0.000000000,0.000000000,0.000000000,0.775639653
1,SCAN_I_MATP,matp,i,2.999997,V,2.999997,0.000000,0.000000,onboard,10,0.288939357,0.000000000,0.000000000,0.000000000,0.759731054
1,SCAN_I_MATP,matp,i,3.099997,V,3.099997,0.000000,0.000000,onboard,10,0.286286533,0.000000000,0.000000000,0.000000000,0.743522763
1,SCAN_I_MATP,matp,i,3.199997,V,3.199997,0.000000,0.000000,onboard,10,0.282325685,0.000000000,0.000000000,0.000000000,0.727606177
1,SCAN_I_MATP,matp,i,3.299997,V,3.299997,0.000000,0.000000,onboard,10,0.279428810,0.000000000,0.000000000,0.000000000,0.711993992
1,SCAN_I_MATP,matp,i,3.399997,V,3.399997,0.000000,0.000000,onboard,10,0.276482224,0.000000000,0.000000000,0.000000000,0.696170509
1,SCAN_I_MATP,matp,i,3.499997,V,3.499997,0.000000,0.000000,onboard,10,0.272224128,0.000000000,0.000000000,0.000000000,0.681015968
1,SCAN_I_MATP,matp,i,3.599997,V,3.599997,0.000000,0.000000,onboard,10,0.268785059,0.000000000,0.000000000,0.000000000,0.666126490
1,SCAN_I_MATP,matp,i,3.699997,V,3.699997,0.000000,0.000000,onboard,10,0.265427858,0.000000000,0.000000000,0.000000000,0.651049376
1,SCAN_I_MATP,matp,i,3.799997,V,3.799997,0.000000,0.000000,onboard,10,0.260390401,0.000000000,0.000000000,0.000000000,0.636192858
1,SCAN_I_MATP,matp,i,3.899997,V,3.899997,0.000000,0.000000,onboard,10,0.255126804,0.000000000,0.000000000,0.000000000,0.621594071
1,SCAN_I_MATP,matp,i,3.999996,V,3.999996,0.000000,0.000000,onboard,10,0.250521362,0.000000000,0.000000000,0.000000000,0.607499003
1,SCAN_I_MATP,matp,i,4.099997,V,4.099997,0.000000,0.000000,onboard,10,0.246181756,0.000000000,0.000000000,0.000000000,0.593531787
1,SCAN_I_MATP,matp,i,4.199996,V,4.199996,0.000000,0.000000,onboard,10,0.240510985,0.000000000,0.000000000,0.000000000,0.579672933
1,SCAN_I_MATP,matp,i,4.299996,V,4.299996,0.000000,0.000000,onboard,10,0.234973162,0.000000000,0.000000000,0.000000000,0.566465676
1,SCAN_I_MATP,matp,i,4.399996,V,4.399996,0.000000,0.000000,onboard,10,0.230346367,0.000000000,0.000000000,0.000000000,0.553048432
1,SCAN_I_MATP,matp,i,4.499996,V,4.499996,0.000000,0.000000,onboard,10,0.224610686,0.000000000,0.000000000,0.000000000,0.540468276
1,SCAN_I_MATP,matp,i,4.599996,V,4.599996,0.000000,0.000000,onboard,10,0.218343228,0.000000000,0.000000000,0.000000000,0.528126001
1,SCAN_I_MATP,matp,i,4.699996,V,4.699996,0.000000,0.000000,onboard,10,0.213271588,0.000000000,0.000000000,0.000000000,0.515757978
1,SCAN_I_MATP,matp,i,4.799996,V,4.799996,0.000000,0.000000,onboard,10,0.207018942,0.000000000,0.000000000,0.000000000,0.503954053
1,SCAN_I_MATP,matp,i,4.899996,V,4.899996,0.000000,0.000000,onboard,10,0.200468898,0.000000000,0.000000000,0.000000000,0.492088407
1,SCAN_I_MATP,matp,i,4.999996,V,4.999996,0.000000,0.000000,onboard,10,0.194779798,0.000000000,0.000000000,0.000000000,0.480737209
1,SCAN_I_MATP,matp,i,5.099996,V,5.099996,0.000000,0.000000,onboard,10,0.188242525,0.000000000,0.000000000,0.000000000,0.470330477
1,SCAN_I_MATP,matp,i,5.199996,V,5.199996,0.000000,0.000000,onboard,10,0.181615278,0.000000000,0.000000000,0.000000000,0.459887654
1,SCAN_I_MATP,matp,i,5.299995,V,5.299995,0.000000,0.000000,onboard,10,0.175278664,0.000000000,0.000000000,0.000000000,0.449557394
1,SCAN_I_MATP,matp,i,5.399995,V,5.399995,0.000000,0.000000,onboard,10,0.167969033,0.000000000,0.000000000,0.000000000,0.439352036
1,SCAN_I_MATP,matp,i,5.499995,V,5.499995,0.000000,0.000000,onboard,10,0.161236882,0.000000000,0.000000000,0.000000000,0.429707229
1,SCAN_I_MATP,matp,i,5.599995,V,5.599995,0.000000,0.000000,onboard,10,0.154978544,0.000000000,0.000000000,0.000000000,0.421042353
1,SCAN_I_MATP,matp,i,5.699995,V,5.699995,0.000000,0.000000,onboard,10,0.147467330,0.000000000,0.000000000,0.000000000,0.412424415
1,SCAN_I_MATP,matp,i,5.799995,V,5.799995,0.000000,0.000000,onboard,10,0.140572906,0.000000000,0.000000000,0.000000000,0.404067695
1,SCAN_I_MATP,matp,i,5.899995,V,5.899995,0.000000,0.000000,onboard,10,0.134001464,0.000000000,0.000000000,0.000000000,0.396273851
1,SCAN_I_MATP,matp,i,5.999995,V,5.999995,0.000000,0.000000,onboard,10,0.126329452,0.000000000,0.000000000,0.000000000,0.388560623
1,SCAN_I_MATP,matp,i,6.099995,V,6.099995,0.000000,0.000000,onboard,10,0.119320072,0.000000000,0.000000000,0.000000000,0.381485879
1,SCAN_I_MATP,matp,i,6.199995,V,6.199995,0.000000,0.000000,onboard,10,0.112433806,0.000000000,0.000000000,0.000000000,0.374861687
1,SCAN_I_MATP,matp,i,6.299994,V,6.299994,0.000000,0.000000,onboard,10,0.105045818,0.000000000,0.000000000,0.000000000,0.368416756
1,SCAN_I_MATP,matp,i,6.399994,V,6.399994,0.000000,0.000000,onboard,10,0.097582743,0.000000000,0.000000000,0.000000000,0.362392724
1,SCAN_I_MATP,matp,i,6.499994,V,6.499994,0.000000,0.000000,onboard,10,0.090383589,0.000000000,0.000000000,0.000000000,0.356916606
1,SCAN_I_MATP,matp,i,6.599994,V,6.599994,0.000000,0.000000,onboard,10,0.083254173,0.000000000,0.000000000,0.000000000,0.351764232
1,SCAN_I_MATP,matp,i,6.699994,V,6.699994,0.000000,0.000000,onboard,10,0.075736597,0.000000000,0.000000000,0.000000000,0.346621007
1,SCAN_I_MATP,matp,i,6.799994,V,6.799994,0.000000,0.000000,onboard,10,0.068497263,0.000000000,0.000000000,0.000000000,0.342363387
1,SCAN_I_MATP,matp,i,6.899994,V,6.899994,0.000000,0.000000,onboard,10,0.061475150,0.000000000,0.000000000,0.000000000,0.338732988
1,SCAN_I_MATP,matp,i,6.999994,V,6.999994,0.000000,0.000000,onboard,10,0.054140579,0.000000000,0.000000000,0.000000000,0.335053384
1,SCAN_I_MATP,matp,i,7.099994,V,7.099994,0.000000,0.000000,onboard,10,0.046933956,0.000000000,0.000000000,0.000000000,0.332025170
1,SCAN_I_MATP,matp,i,7.199994,V,7.199994,0.000000,0.000000,onboard,10,0.039894033,0.000000000,0.000000000,0.000000000,0.329245865
1,SCAN_I_MATP,matp,i,7.299994,V,7.299994,0.000000,0.000000,onboard,10,0.032788273,0.000000000,0.000000000,0.000000000,0.326832443
1,SCAN_I_MATP,matp,i,7.399993,V,7.399993,0.000000,0.000000,onboard,10,0.025746698,0.000000000,0.000000000,0.000000000,0.324762791
1,SCAN_I_MATP,matp,i,7.499993,V,7.499993,0.000000,0.000000,onboard,10,0.018882751,0.000000000,0.000000000,0.000000000,0.323237211
1,SCAN_I_MATP,matp,i,7.599993,V,7.599993,0.000000,0.000000,onboard,10,0.012045193,0.000000000,0.000000000,0.000000000,0.322221458
1,SCAN_I_MATP,matp,i,7.699993,V,7.699993,0.000000,0.000000,onboard,10,0.005558061,0.000000000,0.000000000,0.000000000,0.321329653
1,SCAN_I_MATP,matp,i,7.799993,V,7.799993,0.000000,0.000000,onboard,10,0.003269766,0.000000000,0.000000000,0.000000000,0.320868939
1,SCAN_I_MATP,matp,i,7.899993,V,7.899993,0.000000,0.000000,onboard,10,0.008865738,0.000000000,0.000000000,0.000000000,0.320771158
1,SCAN_I_MATP,matp,i,7.999993,V,7.999993,0.000000,0.000000,onboard,10,0.015296273,0.000000000,0.000000000,0.000000000,0.321309745
1,SCAN_I_MATP,matp,i,8.099993,V,8.099993,0.000000,0.000000,onboard,10,0.021630134,0.000000000,0.000000000,0.000000000,0.321940422
1,SCAN_I_MATP,matp,i,8.199993,V,8.199993,0.000000,0.000000,onboard,10,0.027842078,0.000000000,0.000000000,0.000000000,0.322809011
1,SCAN_I_MATP,matp,i,8.299994,V,8.299994,0.000000,0.000000,onboard,10,0.034111530,0.000000000,0.000000000,0.000000000,0.324341714
1,SCAN_I_MATP,matp,i,8.399994,V,8.399994,0.000000,0.000000,onboard,10,0.040249698,0.000000000,0.000000000,0.000000000,0.326221287
1,SCAN_I_MATP,matp,i,8.499994,V,8.499994,0.000000,0.000000,onboard,10,0.046126835,0.000000000,0.000000000,0.000000000,0.328325510
1,SCAN_I_MATP,matp,i,8.599995,V,8.599995,0.000000,0.000000,onboard,10,0.051890988,0.000000000,0.000000000,0.000000000,0.330531627
1,SCAN_I_MATP,matp,i,8.699995,V,8.699995,0.000000,0.000000,onboard,10,0.057717085,0.000000000,0.000000000,0.000000000,0.333323658
1,SCAN_I_MATP,matp,i,8.799995,V,8.799995,0.000000,0.000000,onboard,10,0.063262813,0.000000000,0.000000000,0.000000000,0.336402595
1,SCAN_I_MATP,matp,i,8.899996,V,8.899996,0.000000,0.000000,onboard,10,0.068368599,0.000000000,0.000000000,0.000000000,0.339580536
1,SCAN_I_MATP,matp,i,8.999996,V,8.999996,0.000000,0.000000,onboard,10,0.073618442,0.000000000,0.000000000,0.000000000,0.343133986
2,SCAN_Q_MATP,matp,q,-9.000000,V,0.000000,-9.000000,0.000000,onboard,10,0.000000000,0.007708624,0.000000000,0.000000000,0.252571017
2,SCAN_Q_MATP,matp,q,-8.900000,V,0.000000,-8.900000,0.000000,onboard,10,0.000000000,0.012840998,0.000000000,0.000000000,0.224999070
2,SCAN_Q_MATP,matp,q,-8.799999,V,0.000000,-8.799999,0.000000,onboard,10,0.000000000,0.017643079,0.000000000,0.000000000,0.225328058
2,SCAN_Q_MATP,matp,q,-8.699999,V,0.000000,-8.699999,0.000000,onboard,10,0.000000000,0.022812344,0.000000000,0.000000000,0.227197796
2,SCAN_Q_MATP,matp,q,-8.599998,V,0.000000,-8.599998,0.000000,onboard,10,0.000000000,0.028121075,0.000000000,0.000000000,0.229521304
2,SCAN_Q_MATP,matp,q,-8.499998,V,0.000000,-8.499998,0.000000,onboard,10,0.000000000,0.033584125,0.000000000,0.000000000,0.231969878
2,SCAN_Q_MATP,matp,q,-8.399998,V,0.000000,-8.399998,0.000000,onboard,10,0.000000000,0.039323423,0.000000000,0.000000000,0.234708905
2,SCAN_Q_MATP,matp,q,-8.299997,V,0.000000,-8.299997,0.000000,onboard,10,0.000000000,0.045068141,0.000000000,0.000000000,0.237757236
2,SCAN_Q_MATP,matp,q,-8.199997,V,0.000000,-8.199997,0.000000,onboard,10,0.000000000,0.050807275,0.000000000,0.000000000,0.241054386
2,SCAN_Q_MATP,matp,q,-8.099997,V,0.000000,-8.099997,0.000000,onboard,10,0.000000000,0.056933589,0.000000000,0.000000000,0.244601056
2,SCAN_Q_MATP,matp,q,-7.999997,V,0.000000,-7.999997,0.000000,onboard,10,0.000000000,0.062943310,0.000000000,0.000000000,0.248510867
2,SCAN_Q_MATP,matp,q,-7.899997,V,0.000000,-7.899997,0.000000,onboard,10,0.000000000,0.068880580,0.000000000,0.000000000,0.252816617
2,SCAN_Q_MATP,matp,q,-7.799997,V,0.000000,-7.799997,0.000000,onboard,10,0.000000000,0.075225964,0.000000000,0.000000000,0.257328063
2,SCAN_Q_MATP,matp,q,-7.699997,V,0.000000,-7.699997,0.000000,onboard,10,0.000000000,0.081455305,0.000000000,0.000000000,0.262102008
2,SCAN_Q_MATP,matp,q,-7.599997,V,0.000000,-7.599997,0.000000,onboard,10,0.000000000,0.087731600,0.000000000,0.000000000,0.267302841
2,SCAN_Q_MATP,matp,q,-7.499997,V,0.000000,-7.499997,0.000000,onboard,10,0.000000000,0.093994632,0.000000000,0.000000000,0.272850573
2,SCAN_Q_MATP,matp,q,-7.399997,V,0.000000,-7.399997,0.000000,onboard,10,0.000000000,0.100172304,0.000000000,0.000000000,0.278563321
2,SCAN_Q_MATP,matp,q,-7.299997,V,0.000000,-7.299997,0.000000,onboard,10,0.000000000,0.106717564,0.000000000,0.000000000,0.285051107
2,SCAN_Q_MATP,matp,q,-7.199997,V,0.000000,-7.199997,0.000000,onboard,10,0.000000000,0.112947263,0.000000000,0.000000000,0.291488111
2,SCAN_Q_MATP,matp,q,-7.099998,V,0.000000,-7.099998,0.000000,onboard,10,0.000000000,0.119047895,0.000000000,0.000000000,0.298268378
2,SCAN_Q_MATP,matp,q,-6.999998,V,0.000000,-6.999998,0.000000,onboard,10,0.000000000,0.125738055,0.000000000,0.000000000,0.305630952
2,SCAN_Q_MATP,matp,q,-6.899998,V,0.000000,-6.899998,0.000000,onboard,10,0.000000000,0.131908596,0.000000000,0.000000000,0.313253969
2,SCAN_Q_MATP,matp,q,-6.799998,V,0.000000,-6.799998,0.000000,onboard,10,0.000000000,0.137917966,0.000000000,0.000000000,0.321031153
2,SCAN_Q_MATP,matp,q,-6.699998,V,0.000000,-6.699998,0.000000,onboard,10,0.000000000,0.144589141,0.000000000,0.000000000,0.329416722
2,SCAN_Q_MATP,matp,q,-6.599998,V,0.000000,-6.599998,0.000000,onboard,10,0.000000000,0.150823027,0.000000000,0.000000000,0.338147104
2,SCAN_Q_MATP,matp,q,-6.499998,V,0.000000,-6.499998,0.000000,onboard,10,0.000000000,0.156921029,0.000000000,0.000000000,0.347090155
2,SCAN_Q_MATP,matp,q,-6.399998,V,0.000000,-6.399998,0.000000,onboard,10,0.000000000,0.163088903,0.000000000,0.000000000,0.356392086
2,SCAN_Q_MATP,matp,q,-6.299998,V,0.000000,-6.299998,0.000000,onboard,10,0.000000000,0.169106841,0.000000000,0.000000000,0.365767211
2,SCAN_Q_MATP,matp,q,-6.199998,V,0.000000,-6.199998,0.000000,onboard,10,0.000000000,0.175227985,0.000000000,0.000000000,0.376004457
2,SCAN_Q_MATP,matp,q,-6.099998,V,0.000000,-6.099998,0.000000,onboard,10,0.000000000,0.180933133,0.000000000,0.000000000,0.386400133
2,SCAN_Q_MATP,matp,q,-5.999999,V,0.000000,-5.999999,0.000000,onboard,10,0.000000000,0.186433166,0.000000000,0.000000000,0.397085518
2,SCAN_Q_MATP,matp,q,-5.899999,V,0.000000,-5.899999,0.000000,onboard,10,0.000000000,0.192219540,0.000000000,0.000000000,0.407694519
2,SCAN_Q_MATP,matp,q,-5.799999,V,0.000000,-5.799999,0.000000,onboard,10,0.000000000,0.197833017,0.000000000,0.000000000,0.419104874
2,SCAN_Q_MATP,matp,q,-5.699999,V,0.000000,-5.699999,0.000000,onboard,10,0.000000000,0.202841371,0.000000000,0.000000000,0.430737436
2,SCAN_Q_MATP,matp,q,-5.599999,V,0.000000,-5.599999,0.000000,onboard,10,0.000000000,0.208643675,0.000000000,0.000000000,0.442625135
2,SCAN_Q_MATP,matp,q,-5.499999,V,0.000000,-5.499999,0.000000,onboard,10,0.000000000,0.213544577,0.000000000,0.000000000,0.454683602
2,SCAN_Q_MATP,matp,q,-5.399999,V,0.000000,-5.399999,0.000000,onboard,10,0.000000000,0.218011022,0.000000000,0.000000000,0.467016995
2,SCAN_Q_MATP,matp,q,-5.299999,V,0.000000,-5.299999,0.000000,onboard,10,0.000000000,0.223572925,0.000000000,0.000000000,0.479765117
2,SCAN_Q_MATP,matp,q,-5.199999,V,0.000000,-5.199999,0.000000,onboard,10,0.000000000,0.228520513,0.000000000,0.000000000,0.492752463
2,SCAN_Q_MATP,matp,q,-5.099999,V,0.000000,-5.099999,0.000000,onboard,10,0.000000000,0.232861683,0.000000000,0.000000000,0.505863190
2,SCAN_Q_MATP,matp,q,-5.000000,V,0.000000,-5.000000,0.000000,onboard,10,0.000000000,0.237251967,0.000000000,0.000000000,0.519234180
2,SCAN_Q_MATP,matp,q,-4.900000,V,0.000000,-4.900000,0.000000,onboard,10,0.000000000,0.241166279,0.000000000,0.000000000,0.533236623
2,SCAN_Q_MATP,matp,q,-4.800000,V,0.000000,-4.800000,0.000000,onboard,10,0.000000000,0.245157629,0.000000000,0.000000000,0.546898425
2,SCAN_Q_MATP,matp,q,-4.700000,V,0.000000,-4.700000,0.000000,onboard,10,0.000000000,0.249004170,0.000000000,0.000000000,0.560794771
2,SCAN_Q_MATP,matp,q,-4.600000,V,0.000000,-4.600000,0.000000,onboard,10,0.000000000,0.252399027,0.000000000,0.000000000,0.575523436
2,SCAN_Q_MATP,matp,q,-4.500000,V,0.000000,-4.500000,0.000000,onboard,10,0.000000000,0.256203413,0.000000000,0.000000000,0.590172589
2,SCAN_Q_MATP,matp,q,-4.400000,V,0.000000,-4.400000,0.000000,onboard,10,0.000000000,0.259385288,0.000000000,0.000000000,0.604433179
2,SCAN_Q_MATP,matp,q,-4.300000,V,0.000000,-4.300000,0.000000,onboard,10,0.000000000,0.262106717,0.000000000,0.000000000,0.619774461
2,SCAN_Q_MATP,matp,q,-4.200000,V,0.000000,-4.200000,0.000000,onboard,10,0.000000000,0.265469730,0.000000000,0.000000000,0.635080755
2,SCAN_Q_MATP,matp,q,-4.100000,V,0.000000,-4.100000,0.000000,onboard,10,0.000000000,0.268140078,0.000000000,0.000000000,0.650173008
2,SCAN_Q_MATP,matp,q,-4.000000,V,0.000000,-4.000000,0.000000,onboard,10,0.000000000,0.270189524,0.000000000,0.000000000,0.665527940
2,SCAN_Q_MATP,matp,q,-3.900001,V,0.000000,-3.900001,0.000000,onboard,10,0.000000000,0.272522479,0.000000000,0.000000000,0.681005239
2,SCAN_Q_MATP,matp,q,-3.800001,V,0.000000,-3.800001,0.000000,onboard,10,0.000000000,0.274558485,0.000000000,0.000000000,0.696306109
2,SCAN_Q_MATP,matp,q,-3.700001,V,0.000000,-3.700001,0.000000,onboard,10,0.000000000,0.275867403,0.000000000,0.000000000,0.711455166
2,SCAN_Q_MATP,matp,q,-3.600001,V,0.000000,-3.600001,0.000000,onboard,10,0.000000000,0.277421206,0.000000000,0.000000000,0.727850676
2,SCAN_Q_MATP,matp,q,-3.500001,V,0.000000,-3.500001,0.000000,onboard,10,0.000000000,0.278237045,0.000000000,0.000000000,0.744044662
2,SCAN_Q_MATP,matp,q,-3.400001,V,0.000000,-3.400001,0.000000,onboard,10,0.000000000,0.279277742,0.000000000,0.000000000,0.759642601
2,SCAN_Q_MATP,matp,q,-3.300001,V,0.000000,-3.300001,0.000000,onboard,10,0.000000000,0.280005842,0.000000000,0.000000000,0.775296509
2,SCAN_Q_MATP,matp,q,-3.200001,V,0.000000,-3.200001,0.000000,onboard,10,0.000000000,0.279762954,0.000000000,0.000000000,0.791010559
2,SCAN_Q_MATP,matp,q,-3.100001,V,0.000000,-3.100001,0.000000,onboard,10,0.000000000,0.280828625,0.000000000,0.000000000,0.807338357
2,SCAN_Q_MATP,matp,q,-3.000001,V,0.000000,-3.000001,0.000000,onboard,10,0.000000000,0.280476928,0.000000000,0.000000000,0.823229969
2,SCAN_Q_MATP,matp,q,-2.900002,V,0.000000,-2.900002,0.000000,onboard,10,0.000000000,0.279185891,0.000000000,0.000000000,0.838316739
2,SCAN_Q_MATP,matp,q,-2.800002,V,0.000000,-2.800002,0.000000,onboard,10,0.000000000,0.279167712,0.000000000,0.000000000,0.853793502
2,SCAN_Q_MATP,matp,q,-2.700002,V,0.000000,-2.700002,0.000000,onboard,10,0.000000000,0.278926462,0.000000000,0.000000000,0.870863557
2,SCAN_Q_MATP,matp,q,-2.600002,V,0.000000,-2.600002,0.000000,onboard,10,0.000000000,0.277947247,0.000000000,0.000000000,0.886665523
2,SCAN_Q_MATP,matp,q,-2.500002,V,0.000000,-2.500002,0.000000,onboard,10,0.000000000,0.276204258,0.000000000,0.000000000,0.901864886
2,SCAN_Q_MATP,matp,q,-2.400002,V,0.000000,-2.400002,0.000000,onboard,10,0.000000000,0.274106115,0.000000000,0.000000000,0.917620659
2,SCAN_Q_MATP,matp,q,-2.300002,V,0.000000,-2.300002,0.000000,onboard,10,0.000000000,0.272331268,0.000000000,0.000000000,0.932811618
2,SCAN_Q_MATP,matp,q,-2.200002,V,0.000000,-2.200002,0.000000,onboard,10,0.000000000,0.269959092,0.000000000,0.000000000,0.948110104
2,SCAN_Q_MATP,matp,q,-2.100002,V,0.000000,-2.100002,0.000000,onboard,10,0.000000000,0.266907394,0.000000000,0.000000000,0.963516414
2,SCAN_Q_MATP,matp,q,-2.000002,V,0.000000,-2.000002,0.000000,onboard,10,0.000000000,0.264677435,0.000000000,0.000000000,0.978142917
2,SCAN_Q_MATP,matp,q,-1.900002,V,0.000000,-1.900002,0.000000,onboard,10,0.000000000,0.261841714,0.000000000,0.000000000,0.992848516
2,SCAN_Q_MATP,matp,q,-1.800002,V,0.000000,-1.800002,0.000000,onboard,10,0.000000000,0.258026928,0.000000000,0.000000000,1.007223725
2,SCAN_Q_MATP,matp,q,-1.700002,V,0.000000,-1.700002,0.000000,onboard,10,0.000000000,0.255159855,0.000000000,0.000000000,1.021726608
2,SCAN_Q_MATP,matp,q,-1.600002,V,0.000000,-1.600002,0.000000,onboard,10,0.000000000,0.251835048,0.000000000,0.000000000,1.036297083
2,SCAN_Q_MATP,matp,q,-1.500002,V,0.000000,-1.500002,0.000000,onboard,10,0.000000000,0.247514412,0.000000000,0.000000000,1.050433397
2,SCAN_Q_MATP,matp,q,-1.400002,V,0.000000,-1.400002,0.000000,onboard,10,0.000000000,0.243284553,0.000000000,0.000000000,1.063632727
2,SCAN_Q_MATP,matp,q,-1.300002,V,0.000000,-1.300002,0.000000,onboard,10,0.000000000,0.239379838,0.000000000,0.000000000,1.077465773
2,SCAN_Q_MATP,matp,q,-1.200002,V,0.000000,-1.200002,0.000000,onboard,10,0.000000000,0.234258607,0.000000000,0.000000000,1.089961767
2,SCAN_Q_MATP,matp,q,-1.100002,V,0.000000,-1.100002,0.000000,onboard,10,0.000000000,0.229095295,0.000000000,0.000000000,1.102946043
2,SCAN_Q_MATP,matp,q,-1.000002,V,0.000000,-1.000002,0.000000,onboard,10,0.000000000,0.223781258,0.000000000,0.000000000,1.115864038
2,SCAN_Q_MATP,matp,q,-0.900002,V,0.000000,-0.900002,0.000000,onboard,10,0.000000000,0.218613982,0.000000000,0.000000000,1.127793789
2,SCAN_Q_MATP,matp,q,-0.800002,V,0.000000,-0.800002,0.000000,onboard,10,0.000000000,0.212891653,0.000000000,0.000000000,1.138755202
2,SCAN_Q_MATP,matp,q,-0.700002,V,0.000000,-0.700002,0.000000,onboard,10,0.000000000,0.206825972,0.000000000,0.000000000,1.150980592
2,SCAN_Q_MATP,matp,q,-0.600002,V,0.000000,-0.600002,0.000000,onboard,10,0.000000000,0.201280564,0.000000000,0.000000000,1.162021875
2,SCAN_Q_MATP,matp,q,-0.500002,V,0.000000,-0.500002,0.000000,onboard,10,0.000000000,0.195020825,0.000000000,0.000000000,1.172452211
2,SCAN_Q_MATP,matp,q,-0.400002,V,0.000000,-0.400002,0.000000,onboard,10,0.000000000,0.188055828,0.000000000,0.000000000,1.183007002
2,SCAN_Q_MATP,matp,q,-0.300002,V,0.000000,-0.300002,0.000000,onboard,10,0.000000000,0.182032675,0.000000000,0.000000000,1.192878008
2,SCAN_Q_MATP,matp,q,-0.200002,V,0.000000,-0.200002,0.000000,onboard,10,0.000000000,0.175478935,0.000000000,0.000000000,1.199921846
2,SCAN_Q_MATP,matp,q,-0.100002,V,0.000000,-0.100002,0.000000,onboard,10,0.000000000,0.168431461,0.000000000,0.000000000,1.200007439
2,SCAN_Q_MATP,matp,q,-0.000002,V,0.000000,-0.000002,0.000000,onboard,10,0.000000000,0.161436811,0.000000000,0.000000000,1.200007439
2,SCAN_Q_MATP,matp,q,0.099998,V,0.000000,0.099998,0.000000,onboard,10,0.000000000,0.153901711,0.000000000,0.000000000,1.200007439
2,SCAN_Q_MATP,matp,q,0.199998,V,0.000000,0.199998,0.000000,onboard,10,0.000000000,0.146577686,0.000000000,0.000000000,1.200007439
2,SCAN_Q_MATP,matp,q,0.299998,V,0.000000,0.299998,0.000000,onboard,10,0.000000000,0.139068112,0.000000000,0.000000000,1.200007439
2,SCAN_Q_MATP,matp,q,0.399998,V,0.000000,0.399998,0.000000,onboard,10,0.000000000,0.131235301,0.000000000,0.000000000,1.200007439
2,SCAN_Q_MATP,matp,q,0.499998,V,0.000000,0.499998,0.000000,onboard,10,0.000000000,0.123587847,0.000000000,0.000000000,1.200007439
2,SCAN_Q_MATP,matp,q,0.599998,V,0.000000,0.599998,0.000000,onboard,10,0.000000000,0.115549006,0.000000000,0.000000000,1.200007439
2,SCAN_Q_MATP,matp,q,0.699998,V,0.000000,0.699998,0.000000,onboard,10,0.000000000,0.107409455,0.000000000,0.000000000,1.200007439
2,SCAN_Q_MATP,matp,q,0.799998,V,0.000000,0.799998,0.000000,onboard,10,0.000000000,0.099607982,0.000000000,0.000000000,1.200007439
2,SCAN_Q_MATP,matp,q,0.899998,V,0.000000,0.899998,0.000000,onboard,10,0.000000000,0.091309860,0.000000000,0.000000000,1.200007439
2,SCAN_Q_MATP,matp,q,0.999998,V,0.000000,0.999998,0.000000,onboard,10,0.000000000,0.082991600,0.000000000,0.000000000,1.200007439
2,SCAN_Q_MATP,matp,q,1.099998,V,0.000000,1.099998,0.000000,onboard,10,0.000000000,0.074744180,0.000000000,0.000000000,1.200007439
2,SCAN_Q_MATP,matp,q,1.199998,V,0.000000,1.199998,0.000000,onboard,10,0.000000000,0.066434123,0.000000000,0.000000000,1.200007439
2,SCAN_Q_MATP,matp,q,1.299998,V,0.000000,1.299998,0.000000,onboard,10,0.000000000,0.057866663,0.000000000,0.000000000,1.200007439
2,SCAN_Q_MATP,matp,q,1.399998,V,0.000000,1.399998,0.000000,onboard,10,0.000000000,0.049343705,0.000000000,0.000000000,1.200007439
2,SCAN_Q_MATP,matp,q,1.499998,V,0.000000,1.499998,0.000000,onboard,10,0.000000000,0.040780924,0.000000000,0.000000000,1.200007439
2,SCAN_Q_MATP,matp,q,1.599998,V,0.000000,1.599998,0.000000,onboard,10,0.000000000,0.032223921,0.000000000,0.000000000,1.200007439
2,SCAN_Q_MATP,matp,q,1.699998,V,0.000000,1.699998,0.000000,onboard,10,0.000000000,0.023811867,0.000000000,0.000000000,1.200007439
2,SCAN_Q_MATP,matp,q,1.799998,V,0.000000,1.799998,0.000000,onboard,10,0.000000000,0.015486121,0.000000000,0.000000000,1.200007439
2,SCAN_Q_MATP,matp,q,1.899998,V,0.000000,1.899998,0.000000,onboard,10,0.000000000,0.007908179,0.000000000,0.000000000,1.200007439
2,SCAN_Q_MATP,matp,q,1.999998,V,0.000000,1.999998,0.000000,onboard,10,0.000000000,0.005956522,0.000000000,0.000000000,1.200007439
2,SCAN_Q_MATP,matp,q,2.099998,V,0.000000,2.099998,0.000000,onboard,10,0.000000000,0.012558708,0.000000000,0.000000000,1.200007439
2,SCAN_Q_MATP,matp,q,2.199998,V,0.000000,2.199998,0.000000,onboard,10,0.000000000,0.020723052,0.000000000,0.000000000,1.200007439
2,SCAN_Q_MATP,matp,q,2.299998,V,0.000000,2.299998,0.000000,onboard,10,0.000000000,0.028953318,0.000000000,0.000000000,1.200007439
2,SCAN_Q_MATP,matp,q,2.399998,V,0.000000,2.399998,0.000000,onboard,10,0.000000000,0.037455130,0.000000000,0.000000000,1.200007439
2,SCAN_Q_MATP,matp,q,2.499998,V,0.000000,2.499998,0.000000,onboard,10,0.000000000,0.045846961,0.000000000,0.000000000,1.200007439
2,SCAN_Q_MATP,matp,q,2.599998,V,0.000000,2.599998,0.000000,onboard,10,0.000000000,0.054124802,0.000000000,0.000000000,1.200007439
2,SCAN_Q_MATP,matp,q,2.699998,V,0.000000,2.699998,0.000000,onboard,10,0.000000000,0.062533408,0.000000000,0.000000000,1.200007439
2,SCAN_Q_MATP,matp,q,2.799998,V,0.000000,2.799998,0.000000,onboard,10,0.000000000,0.070657596,0.000000000,0.000000000,1.200007439
2,SCAN_Q_MATP,matp,q,2.899997,V,0.000000,2.899997,0.000000,onboard,10,0.000000000,0.078715637,0.000000000,0.000000000,1.200007439
2,SCAN_Q_MATP,matp,q,2.999997,V,0.000000,2.999997,0.000000,onboard,10,0.000000000,0.086937748,0.000000000,0.000000000,1.200007439
2,SCAN_Q_MATP,matp,q,3.099997,V,0.000000,3.099997,0.000000,onboard,10,0.000000000,0.094884440,0.000000000,0.000000000,1.200007439
2,SCAN_Q_MATP,matp,q,3.199997,V,0.000000,3.199997,0.000000,onboard,10,0.000000000,0.102571502,0.000000000,0.000000000,1.200007439
2,SCAN_Q_MATP,matp,q,3.299997,V,0.000000,3.299997,0.000000,onboard,10,0.000000000,0.110381939,0.000000000,0.000000000,1.200007439
2,SCAN_Q_MATP,matp,q,3.399997,V,0.000000,3.399997,0.000000,onboard,10,0.000000000,0.118060648,0.000000000,0.000000000,1.200007439
2,SCAN_Q_MATP,matp,q,3.499997,V,0.000000,3.499997,0.000000,onboard,10,0.000000000,0.125439197,0.000000000,0.000000000,1.200007439
2,SCAN_Q_MATP,matp,q,3.599997,V,0.000000,3.599997,0.000000,onboard,10,0.000000000,0.132930487,0.000000000,0.000000000,1.200007439
2,SCAN_Q_MATP,matp,q,3.699997,V,0.000000,3.699997,0.000000,onboard,10,0.000000000,0.140474111,0.000000000,0.000000000,1.198880434
2,SCAN_Q_MATP,matp,q,3.799997,V,0.000000,3.799997,0.000000,onboard,10,0.000000000,0.147146910,0.000000000,0.000000000,1.189892888
2,SCAN_Q_MATP,matp,q,3.899997,V,0.000000,3.899997,0.000000,onboard,10,0.000000000,0.153740838,0.000000000,0.000000000,1.179853082
2,SCAN_Q_MATP,matp,q,3.999996,V,0.000000,3.999996,0.000000,onboard,10,0.000000000,0.160426870,0.000000000,0.000000000,1.168947935
2,SCAN_Q_MATP,matp,q,4.099997,V,0.000000,4.099997,0.000000,onboard,10,0.000000000,0.167006448,0.000000000,0.000000000,1.158248425
2,SCAN_Q_MATP,matp,q,4.199996,V,0.000000,4.199996,0.000000,onboard,10,0.000000000,0.173354119,0.000000000,0.000000000,1.146617770
2,SCAN_Q_MATP,matp,q,4.299996,V,0.000000,4.299996,0.000000,onboard,10,0.000000000,0.179094538,0.000000000,0.000000000,1.135285258
2,SCAN_Q_MATP,matp,q,4.399996,V,0.000000,4.399996,0.000000,onboard,10,0.000000000,0.185330600,0.000000000,0.000000000,1.122966051
2,SCAN_Q_MATP,matp,q,4.499996,V,0.000000,4.499996,0.000000,onboard,10,0.000000000,0.191066563,0.000000000,0.000000000,1.111259222
2,SCAN_Q_MATP,matp,q,4.599996,V,0.000000,4.599996,0.000000,onboard,10,0.000000000,0.196188390,0.000000000,0.000000000,1.098103046
2,SCAN_Q_MATP,matp,q,4.699996,V,0.000000,4.699996,0.000000,onboard,10,0.000000000,0.202017739,0.000000000,0.000000000,1.084903002
2,SCAN_Q_MATP,matp,q,4.799996,V,0.000000,4.799996,0.000000,onboard,10,0.000000000,0.206917718,0.000000000,0.000000000,1.071922302
2,SCAN_Q_MATP,matp,q,4.899996,V,0.000000,4.899996,0.000000,onboard,10,0.000000000,0.211527318,0.000000000,0.000000000,1.057817221
2,SCAN_Q_MATP,matp,q,4.999996,V,0.000000,4.999996,0.000000,onboard,10,0.000000000,0.216412351,0.000000000,0.000000000,1.043918371
2,SCAN_Q_MATP,matp,q,5.099996,V,0.000000,5.099996,0.000000,onboard,10,0.000000000,0.220647305,0.000000000,0.000000000,1.030149221
2,SCAN_Q_MATP,matp,q,5.199996,V,0.000000,5.199996,0.000000,onboard,10,0.000000000,0.225150138,0.000000000,0.000000000,1.015624404
2,SCAN_Q_MATP,matp,q,5.299995,V,0.000000,5.299995,0.000000,onboard,10,0.000000000,0.228918344,0.000000000,0.000000000,1.000885010
2,SCAN_Q_MATP,matp,q,5.399995,V,0.000000,5.399995,0.000000,onboard,10,0.000000000,0.232480139,0.000000000,0.000000000,0.986297429
2,SCAN_Q_MATP,matp,q,5.499995,V,0.000000,5.499995,0.000000,onboard,10,0.000000000,0.236299112,0.000000000,0.000000000,0.970972061
2,SCAN_Q_MATP,matp,q,5.599995,V,0.000000,5.599995,0.000000,onboard,10,0.000000000,0.239538759,0.000000000,0.000000000,0.955621243
2,SCAN_Q_MATP,matp,q,5.699995,V,0.000000,5.699995,0.000000,onboard,10,0.000000000,0.242312834,0.000000000,0.000000000,0.940596938
2,SCAN_Q_MATP,matp,q,5.799995,V,0.000000,5.799995,0.000000,onboard,10,0.000000000,0.245127752,0.000000000,0.000000000,0.924666762
2,SCAN_Q_MATP,matp,q,5.899995,V,0.000000,5.899995,0.000000,onboard,10,0.000000000,0.248010665,0.000000000,0.000000000,0.909548461
2,SCAN_Q_MATP,matp,q,5.999995,V,0.000000,5.999995,0.000000,onboard,10,0.000000000,0.250146061,0.000000000,0.000000000,0.893615425
2,SCAN_Q_MATP,matp,q,6.099995,V,0.000000,6.099995,0.000000,onboard,10,0.000000000,0.252189845,0.000000000,0.000000000,0.877365887
2,SCAN_Q_MATP,matp,q,6.199995,V,0.000000,6.199995,0.000000,onboard,10,0.000000000,0.254393697,0.000000000,0.000000000,0.861364961
2,SCAN_Q_MATP,matp,q,6.299994,V,0.000000,6.299994,0.000000,onboard,10,0.000000000,0.255753249,0.000000000,0.000000000,0.844834208
2,SCAN_Q_MATP,matp,q,6.399994,V,0.000000,6.399994,0.000000,onboard,10,0.000000000,0.257031292,0.000000000,0.000000000,0.828667641
2,SCAN_Q_MATP,matp,q,6.499994,V,0.000000,6.499994,0.000000,onboard,10,0.000000000,0.257880121,0.000000000,0.000000000,0.812587082
2,SCAN_Q_MATP,matp,q,6.599994,V,0.000000,6.599994,0.000000,onboard,10,0.000000000,0.258970439,0.000000000,0.000000000,0.796277404
2,SCAN_Q_MATP,matp,q,6.699994,V,0.000000,6.699994,0.000000,onboard,10,0.000000000,0.259620786,0.000000000,0.000000000,0.780026793
2,SCAN_Q_MATP,matp,q,6.799994,V,0.000000,6.799994,0.000000,onboard,10,0.000000000,0.259095162,0.000000000,0.000000000,0.763508856
2,SCAN_Q_MATP,matp,q,6.899994,V,0.000000,6.899994,0.000000,onboard,10,0.000000000,0.259962022,0.000000000,0.000000000,0.747023225
2,SCAN_Q_MATP,matp,q,6.999994,V,0.000000,6.999994,0.000000,onboard,10,0.000000000,0.259937048,0.000000000,0.000000000,0.730709910
2,SCAN_Q_MATP,matp,q,7.099994,V,0.000000,7.099994,0.000000,onboard,10,0.000000000,0.258716881,0.000000000,0.000000000,0.714348972
2,SCAN_Q_MATP,matp,q,7.199994,V,0.000000,7.199994,0.000000,onboard,10,0.000000000,0.258861929,0.000000000,0.000000000,0.698177457
2,SCAN_Q_MATP,matp,q,7.299994,V,0.000000,7.299994,0.000000,onboard,10,0.000000000,0.257962763,0.000000000,0.000000000,0.682162821
2,SCAN_Q_MATP,matp,q,7.399993,V,0.000000,7.399993,0.000000,onboard,10,0.000000000,0.256814212,0.000000000,0.000000000,0.665886283
2,SCAN_Q_MATP,matp,q,7.499993,V,0.000000,7.499993,0.000000,onboard,10,0.000000000,0.255716622,0.000000000,0.000000000,0.649779201
2,SCAN_Q_MATP,matp,q,7.599993,V,0.000000,7.599993,0.000000,onboard,10,0.000000000,0.253924161,0.000000000,0.000000000,0.633870840
2,SCAN_Q_MATP,matp,q,7.699993,V,0.000000,7.699993,0.000000,onboard,10,0.000000000,0.252561033,0.000000000,0.000000000,0.617788911
2,SCAN_Q_MATP,matp,q,7.799993,V,0.000000,7.799993,0.000000,onboard,10,0.000000000,0.250525087,0.000000000,0.000000000,0.602101147
2,SCAN_Q_MATP,matp,q,7.899993,V,0.000000,7.899993,0.000000,onboard,10,0.000000000,0.247657388,0.000000000,0.000000000,0.586136341
2,SCAN_Q_MATP,matp,q,7.999993,V,0.000000,7.999993,0.000000,onboard,10,0.000000000,0.246086448,0.000000000,0.000000000,0.571002126
2,SCAN_Q_MATP,matp,q,8.099993,V,0.000000,8.099993,0.000000,onboard,10,0.000000000,0.243652970,0.000000000,0.000000000,0.556008160
2,SCAN_Q_MATP,matp,q,8.199993,V,0.000000,8.199993,0.000000,onboard,10,0.000000000,0.240421250,0.000000000,0.000000000,0.540475368
2,SCAN_Q_MATP,matp,q,8.299994,V,0.000000,8.299994,0.000000,onboard,10,0.000000000,0.238324001,0.000000000,0.000000000,0.525951385
2,SCAN_Q_MATP,matp,q,8.399994,V,0.000000,8.399994,0.000000,onboard,10,0.000000000,0.235507816,0.000000000,0.000000000,0.511317849
2,SCAN_Q_MATP,matp,q,8.499994,V,0.000000,8.499994,0.000000,onboard,10,0.000000000,0.231801957,0.000000000,0.000000000,0.496398866
2,SCAN_Q_MATP,matp,q,8.599995,V,0.000000,8.599995,0.000000,onboard,10,0.000000000,0.228852600,0.000000000,0.000000000,0.482155621
2,SCAN_Q_MATP,matp,q,8.699995,V,0.000000,8.699995,0.000000,onboard,10,0.000000000,0.225655630,0.000000000,0.000000000,0.468211472
2,SCAN_Q_MATP,matp,q,8.799995,V,0.000000,8.799995,0.000000,onboard,10,0.000000000,0.221535519,0.000000000,0.000000000,0.453943163
2,SCAN_Q_MATP,matp,q,8.899996,V,0.000000,8.899996,0.000000,onboard,10,0.000000000,0.217859119,0.000000000,0.000000000,0.440501511
2,SCAN_Q_MATP,matp,q,8.999996,V,0.000000,8.999996,0.000000,onboard,10,0.000000000,0.213727355,0.000000000,0.000000000,0.427214384
3,SCAN_P_QTP,qtp,p,-9.000000,V,1.899997,-3.100001,-9.000000,onboard,10,0.000000000,0.000000000,0.000000000,0.000565543,0.230935425
3,SCAN_P_QTP,qtp,p,-8.900000,V,1.899997,-3.100001,-8.900000,onboard,10,0.000000000,0.000000000,0.000000000,0.001080562,0.162733644
3,SCAN_P_QTP,qtp,p,-8.799999,V,1.899997,-3.100001,-8.799999,onboard,10,0.000000000,0.000000000,0.000000000,0.001109176,0.166478157
3,SCAN_P_QTP,qtp,p,-8.699999,V,1.899997,-3.100001,-8.699999,onboard,10,0.000000000,0.000000000,0.000000000,0.001073220,0.175315678
3,SCAN_P_QTP,qtp,p,-8.599998,V,1.899997,-3.100001,-8.599998,onboard,10,0.000000000,0.000000000,0.000000000,0.001048520,0.185150191
3,SCAN_P_QTP,qtp,p,-8.499998,V,1.899997,-3.100001,-8.499998,onboard,10,0.000000000,0.000000000,0.000000000,0.001027366,0.195595995
3,SCAN_P_QTP,qtp,p,-8.399998,V,1.899997,-3.100001,-8.399998,onboard,10,0.000000000,0.000000000,0.000000000,0.000943040,0.206437901
3,SCAN_P_QTP,qtp,p,-8.299997,V,1.899997,-3.100001,-8.299997,onboard,10,0.000000000,0.000000000,0.000000000,0.001005335,0.217279553
3,SCAN_P_QTP,qtp,p,-8.199997,V,1.899997,-3.100001,-8.199997,onboard,10,0.000000000,0.000000000,0.000000000,0.000963814,0.228769735
3,SCAN_P_QTP,qtp,p,-8.099997,V,1.899997,-3.100001,-8.099997,onboard,10,0.000000000,0.000000000,0.000000000,0.000923234,0.240429848
3,SCAN_P_QTP,qtp,p,-7.999997,V,1.899997,-3.100001,-7.999997,onboard,10,0.000000000,0.000000000,0.000000000,0.000894375,0.252411813
3,SCAN_P_QTP,qtp,p,-7.899997,V,1.899997,-3.100001,-7.899997,onboard,10,0.000000000,0.000000000,0.000000000,0.000785263,0.264384717
3,SCAN_P_QTP,qtp,p,-7.799997,V,1.899997,-3.100001,-7.799997,onboard,10,0.000000000,0.000000000,0.000000000,0.000860950,0.276591837
3,SCAN_P_QTP,qtp,p,-7.699997,V,1.899997,-3.100001,-7.699997,onboard,10,0.000000000,0.000000000,0.000000000,0.000830316,0.288954586
3,SCAN_P_QTP,qtp,p,-7.599997,V,1.899997,-3.100001,-7.599997,onboard,10,0.000000000,0.000000000,0.000000000,0.000777716,0.301335156
3,SCAN_P_QTP,qtp,p,-7.499997,V,1.899997,-3.100001,-7.499997,onboard,10,0.000000000,0.000000000,0.000000000,0.000752484,0.314024746
3,SCAN_P_QTP,qtp,p,-7.399997,V,1.899997,-3.100001,-7.399997,onboard,10,0.000000000,0.000000000,0.000000000,0.000599415,0.326725602
3,SCAN_P_QTP,qtp,p,-7.299997,V,1.899997,-3.100001,-7.299997,onboard,10,0.000000000,0.000000000,0.000000000,0.000703337,0.339366227
3,SCAN_P_QTP,qtp,p,-7.199997,V,1.899997,-3.100001,-7.199997,onboard,10,0.000000000,0.000000000,0.000000000,0.000637666,0.352297068
3,SCAN_P_QTP,qtp,p,-7.099998,V,1.899997,-3.100001,-7.099998,onboard,10,0.000000000,0.000000000,0.000000000,0.000612126,0.365023434
3,SCAN_P_QTP,qtp,p,-6.999998,V,1.899997,-3.100001,-6.999998,onboard,10,0.000000000,0.000000000,0.000000000,0.000596583,0.377829581
3,SCAN_P_QTP,qtp,p,-6.899998,V,1.899997,-3.100001,-6.899998,onboard,10,0.000000000,0.000000000,0.000000000,0.000396808,0.390686810
3,SCAN_P_QTP,qtp,p,-6.799998,V,1.899997,-3.100001,-6.799998,onboard,10,0.000000000,0.000000000,0.000000000,0.000523734,0.403458059
3,SCAN_P_QTP,qtp,p,-6.699998,V,1.899997,-3.100001,-6.699998,onboard,10,0.000000000,0.000000000,0.000000000,0.000465427,0.416232973
3,SCAN_P_QTP,qtp,p,-6.599998,V,1.899997,-3.100001,-6.599998,onboard,10,0.000000000,0.000000000,0.000000000,0.000440103,0.428774923
3,SCAN_P_QTP,qtp,p,-6.499998,V,1.899997,-3.100001,-6.499998,onboard,10,0.000000000,0.000000000,0.000000000,0.000442822,0.441636711
3,SCAN_P_QTP,qtp,p,-6.399998,V,1.899997,-3.100001,-6.399998,onboard,10,0.000000000,0.000000000,0.000000000,0.000259041,0.454299688
3,SCAN_P_QTP,qtp,p,-6.299998,V,1.899997,-3.100001,-6.299998,onboard,10,0.000000000,0.000000000,0.000000000,0.000351563,0.466806591
3,SCAN_P_QTP,qtp,p,-6.199998,V,1.899997,-3.100001,-6.199998,onboard,10,0.000000000,0.000000000,0.000000000,0.000366527,0.479359925
3,SCAN_P_QTP,qtp,p,-6.099998,V,1.899997,-3.100001,-6.099998,onboard,10,0.000000000,0.000000000,0.000000000,0.000280790,0.491727412
3,SCAN_P_QTP,qtp,p,-5.999999,V,1.899997,-3.100001,-5.999999,onboard,10,0.000000000,0.000000000,0.000000000,0.000324233,0.503726661
3,SCAN_P_QTP,qtp,p,-5.899999,V,1.899997,-3.100001,-5.899999,onboard,10,0.000000000,0.000000000,0.000000000,0.000280815,0.515672863
3,SCAN_P_QTP,qtp,p,-5.799999,V,1.899997,-3.100001,-5.799999,onboard,10,0.000000000,0.000000000,0.000000000,0.000243433,0.527376294
3,SCAN_P_QTP,qtp,p,-5.699999,V,1.899997,-3.100001,-5.699999,onboard,10,0.000000000,0.000000000,0.000000000,0.000363211,0.538905740
3,SCAN_P_QTP,qtp,p,-5.599999,V,1.899997,-3.100001,-5.599999,onboard,10,0.000000000,0.000000000,0.000000000,0.000315727,0.549926758
3,SCAN_P_QTP,qtp,p,-5.499999,V,1.899997,-3.100001,-5.499999,onboard,10,0.000000000,0.000000000,0.000000000,0.000371432,0.561363161
3,SCAN_P_QTP,qtp,p,-5.399999,V,1.899997,-3.100001,-5.399999,onboard,10,0.000000000,0.000000000,0.000000000,0.000471560,0.572399378
3,SCAN_P_QTP,qtp,p,-5.299999,V,1.899997,-3.100001,-5.299999,onboard,10,0.000000000,0.000000000,0.000000000,0.000320190,0.583157659
3,SCAN_P_QTP,qtp,p,-5.199999,V,1.899997,-3.100001,-5.199999,onboard,10,0.000000000,0.000000000,0.000000000,0.000477833,0.593605876
3,SCAN_P_QTP,qtp,p,-5.099999,V,1.899997,-3.100001,-5.099999,onboard,10,0.000000000,0.000000000,0.000000000,0.000455125,0.603645921
3,SCAN_P_QTP,qtp,p,-5.000000,V,1.899997,-3.100001,-5.000000,onboard,10,0.000000000,0.000000000,0.000000000,0.000495866,0.613160491
3,SCAN_P_QTP,qtp,p,-4.900000,V,1.899997,-3.100001,-4.900000,onboard,10,0.000000000,0.000000000,0.000000000,0.000633854,0.622652650
3,SCAN_P_QTP,qtp,p,-4.800000,V,1.899997,-3.100001,-4.800000,onboard,10,0.000000000,0.000000000,0.000000000,0.000441909,0.632013142
3,SCAN_P_QTP,qtp,p,-4.700000,V,1.899997,-3.100001,-4.700000,onboard,10,0.000000000,0.000000000,0.000000000,0.000626110,0.640576124
3,SCAN_P_QTP,qtp,p,-4.600000,V,1.899997,-3.100001,-4.600000,onboard,10,0.000000000,0.000000000,0.000000000,0.000649664,0.649122059
3,SCAN_P_QTP,qtp,p,-4.500000,V,1.899997,-3.100001,-4.500000,onboard,10,0.000000000,0.000000000,0.000000000,0.000643754,0.657157481
3,SCAN_P_QTP,qtp,p,-4.400000,V,1.899997,-3.100001,-4.400000,onboard,10,0.000000000,0.000000000,0.000000000,0.000860274,0.665511250
3,SCAN_P_QTP,qtp,p,-4.300000,V,1.899997,-3.100001,-4.300000,onboard,10,0.000000000,0.000000000,0.000000000,0.000638375,0.672977090
3,SCAN_P_QTP,qtp,p,-4.200000,V,1.899997,-3.100001,-4.200000,onboard,10,0.000000000,0.000000000,0.000000000,0.000805568,0.679781258
3,SCAN_P_QTP,qtp,p,-4.100000,V,1.899997,-3.100001,-4.100000,onboard,10,0.000000000,0.000000000,0.000000000,0.000829604,0.686473131
3,SCAN_P_QTP,qtp,p,-4.000000,V,1.899997,-3.100001,-4.000000,onboard,10,0.000000000,0.000000000,0.000000000,0.000818685,0.692687809
3,SCAN_P_QTP,qtp,p,-3.900001,V,1.899997,-3.100001,-3.900001,onboard,10,0.000000000,0.000000000,0.000000000,0.001065871,0.698375344
3,SCAN_P_QTP,qtp,p,-3.800001,V,1.899997,-3.100001,-3.800001,onboard,10,0.000000000,0.000000000,0.000000000,0.000806272,0.703673720
3,SCAN_P_QTP,qtp,p,-3.700001,V,1.899997,-3.100001,-3.700001,onboard,10,0.000000000,0.000000000,0.000000000,0.000963623,0.708523393
3,SCAN_P_QTP,qtp,p,-3.600001,V,1.899997,-3.100001,-3.600001,onboard,10,0.000000000,0.000000000,0.000000000,0.000988454,0.712728083
3,SCAN_P_QTP,qtp,p,-3.500001,V,1.899997,-3.100001,-3.500001,onboard,10,0.000000000,0.000000000,0.000000000,0.000972155,0.716836393
3,SCAN_P_QTP,qtp,p,-3.400001,V,1.899997,-3.100001,-3.400001,onboard,10,0.000000000,0.000000000,0.000000000,0.001243730,0.720596015
3,SCAN_P_QTP,qtp,p,-3.300001,V,1.899997,-3.100001,-3.300001,onboard,10,0.000000000,0.000000000,0.000000000,0.000967181,0.724108696
3,SCAN_P_QTP,qtp,p,-3.200001,V,1.899997,-3.100001,-3.200001,onboard,10,0.000000000,0.000000000,0.000000000,0.001114185,0.726799428
3,SCAN_P_QTP,qtp,p,-3.100001,V,1.899997,-3.100001,-3.100001,onboard,10,0.000000000,0.000000000,0.000000000,0.001129077,0.728510022
3,SCAN_P_QTP,qtp,p,-3.000001,V,1.899997,-3.100001,-3.000001,onboard,10,0.000000000,0.000000000,0.000000000,0.001087407,0.730700374
3,SCAN_P_QTP,qtp,p,-2.900002,V,1.899997,-3.100001,-2.900002,onboard,10,0.000000000,0.000000000,0.000000000,0.001398589,0.731802344
3,SCAN_P_QTP,qtp,p,-2.800002,V,1.899997,-3.100001,-2.800002,onboard,10,0.000000000,0.000000000,0.000000000,0.001073015,0.732637048
3,SCAN_P_QTP,qtp,p,-2.700002,V,1.899997,-3.100001,-2.700002,onboard,10,0.000000000,0.000000000,0.000000000,0.001235660,0.733176351
3,SCAN_P_QTP,qtp,p,-2.600002,V,1.899997,-3.100001,-2.600002,onboard,10,0.000000000,0.000000000,0.000000000,0.001221833,0.733247161
3,SCAN_P_QTP,qtp,p,-2.500002,V,1.899997,-3.100001,-2.500002,onboard,10,0.000000000,0.000000000,0.000000000,0.001199082,0.732753396
3,SCAN_P_QTP,qtp,p,-2.400002,V,1.899997,-3.100001,-2.400002,onboard,10,0.000000000,0.000000000,0.000000000,0.001457740,0.731542706
3,SCAN_P_QTP,qtp,p,-2.300002,V,1.899997,-3.100001,-2.300002,onboard,10,0.000000000,0.000000000,0.000000000,0.001166937,0.730235040
3,SCAN_P_QTP,qtp,p,-2.200002,V,1.899997,-3.100001,-2.200002,onboard,10,0.000000000,0.000000000,0.000000000,0.001298647,0.728629708
3,SCAN_P_QTP,qtp,p,-2.100002,V,1.899997,-3.100001,-2.100002,onboard,10,0.000000000,0.000000000,0.000000000,0.001292277,0.726035357
3,SCAN_P_QTP,qtp,p,-2.000002,V,1.899997,-3.100001,-2.000002,onboard,10,0.000000000,0.000000000,0.000000000,0.001257153,0.723202288
3,SCAN_P_QTP,qtp,p,-1.900002,V,1.899997,-3.100001,-1.900002,onboard,10,0.000000000,0.000000000,0.000000000,0.001514837,0.720026731
3,SCAN_P_QTP,qtp,p,-1.800002,V,1.899997,-3.100001,-1.800002,onboard,10,0.000000000,0.000000000,0.000000000,0.001210511,0.715915442
3,SCAN_P_QTP,qtp,p,-1.700002,V,1.899997,-3.100001,-1.700002,onboard,10,0.000000000,0.000000000,0.000000000,0.001361593,0.711611092
3,SCAN_P_QTP,qtp,p,-1.600002,V,1.899997,-3.100001,-1.600002,onboard,10,0.000000000,0.000000000,0.000000000,0.001312162,0.707327187
3,SCAN_P_QTP,qtp,p,-1.500002,V,1.899997,-3.100001,-1.500002,onboard,10,0.000000000,0.000000000,0.000000000,0.001287117,0.701603055
3,SCAN_P_QTP,qtp,p,-1.400002,V,1.899997,-3.100001,-1.400002,onboard,10,0.000000000,0.000000000,0.000000000,0.001566356,0.696530700
3,SCAN_P_QTP,qtp,p,-1.300002,V,1.899997,-3.100001,-1.300002,onboard,10,0.000000000,0.000000000,0.000000000,0.001232344,0.690542340
3,SCAN_P_QTP,qtp,p,-1.200002,V,1.899997,-3.100001,-1.200002,onboard,10,0.000000000,0.000000000,0.000000000,0.001310080,0.683712244
3,SCAN_P_QTP,qtp,p,-1.100002,V,1.899997,-3.100001,-1.100002,onboard,10,0.000000000,0.000000000,0.000000000,0.001304778,0.677492559
3,SCAN_P_QTP,qtp,p,-1.000002,V,1.899997,-3.100001,-1.000002,onboard,10,0.000000000,0.000000000,0.000000000,0.001251802,0.670345664
3,SCAN_P_QTP,qtp,p,-0.900002,V,1.899997,-3.100001,-0.900002,onboard,10,0.000000000,0.000000000,0.000000000,0.001517524,0.662238240
3,SCAN_P_QTP,qtp,p,-0.800002,V,1.899997,-3.100001,-0.800002,onboard,10,0.000000000,0.000000000,0.000000000,0.001215297,0.654224217
3,SCAN_P_QTP,qtp,p,-0.700002,V,1.899997,-3.100001,-0.700002,onboard,10,0.000000000,0.000000000,0.000000000,0.001345783,0.646398544
3,SCAN_P_QTP,qtp,p,-0.600002,V,1.899997,-3.100001,-0.600002,onboard,10,0.000000000,0.000000000,0.000000000,0.001269910,0.637336135
3,SCAN_P_QTP,qtp,p,-0.500002,V,1.899997,-3.100001,-0.500002,onboard,10,0.000000000,0.000000000,0.000000000,0.001194589,0.628440797
3,SCAN_P_QTP,qtp,p,-0.400002,V,1.899997,-3.100001,-0.400002,onboard,10,0.000000000,0.000000000,0.000000000,0.001434628,0.619064569
3,SCAN_P_QTP,qtp,p,-0.300002,V,1.899997,-3.100001,-0.300002,onboard,10,0.000000000,0.000000000,0.000000000,0.001121643,0.609475791
3,SCAN_P_QTP,qtp,p,-0.200002,V,1.899997,-3.100001,-0.200002,onboard,10,0.000000000,0.000000000,0.000000000,0.001204810,0.599354148
3,SCAN_P_QTP,qtp,p,-0.100002,V,1.899997,-3.100001,-0.100002,onboard,10,0.000000000,0.000000000,0.000000000,0.001172598,0.589378715
3,SCAN_P_QTP,qtp,p,-0.000002,V,1.899997,-3.100001,-0.000002,onboard,10,0.000000000,0.000000000,0.000000000,0.001111038,0.578481019
3,SCAN_P_QTP,qtp,p,0.099998,V,1.899997,-3.100001,0.099998,onboard,10,0.000000000,0.000000000,0.000000000,0.001320784,0.567842185
3,SCAN_P_QTP,qtp,p,0.199998,V,1.899997,-3.100001,0.199998,onboard,10,0.000000000,0.000000000,0.000000000,0.001022055,0.556531668
3,SCAN_P_QTP,qtp,p,0.299998,V,1.899997,-3.100001,0.299998,onboard,10,0.000000000,0.000000000,0.000000000,0.001083541,0.545217752
3,SCAN_P_QTP,qtp,p,0.399998,V,1.899997,-3.100001,0.399998,onboard,10,0.000000000,0.000000000,0.000000000,0.001037044,0.533252776
3,SCAN_P_QTP,qtp,p,0.499998,V,1.899997,-3.100001,0.499998,onboard,10,0.000000000,0.000000000,0.000000000,0.000972764,0.521726966
3,SCAN_P_QTP,qtp,p,0.599998,V,1.899997,-3.100001,0.599998,onboard,10,0.000000000,0.000000000,0.000000000,0.001172452,0.509579360
3,SCAN_P_QTP,qtp,p,0.699998,V,1.899997,-3.100001,0.699998,onboard,10,0.000000000,0.000000000,0.000000000,0.000914023,0.497615963
3,SCAN_P_QTP,qtp,p,0.799998,V,1.899997,-3.100001,0.799998,onboard,10,0.000000000,0.000000000,0.000000000,0.000949698,0.485139549
3,SCAN_P_QTP,qtp,p,0.899998,V,1.899997,-3.100001,0.899998,onboard,10,0.000000000,0.000000000,0.000000000,0.000881362,0.472597927
3,SCAN_P_QTP,qtp,p,0.999998,V,1.899997,-3.100001,0.999998,onboard,10,0.000000000,0.000000000,0.000000000,0.000835494,0.459719479
3,SCAN_P_QTP,qtp,p,1.099998,V,1.899997,-3.100001,1.099998,onboard,10,0.000000000,0.000000000,0.000000000,0.000959639,0.447076797
3,SCAN_P_QTP,qtp,p,1.199998,V,1.899997,-3.100001,1.199998,onboard,10,0.000000000,0.000000000,0.000000000,0.000728276,0.434101731
3,SCAN_P_QTP,qtp,p,1.299998,V,1.899997,-3.100001,1.299998,onboard,10,0.000000000,0.000000000,0.000000000,0.000728591,0.421103805
3,SCAN_P_QTP,qtp,p,1.399998,V,1.899997,-3.100001,1.399998,onboard,10,0.000000000,0.000000000,0.000000000,0.000678177,0.407820374
3,SCAN_P_QTP,qtp,p,1.499998,V,1.899997,-3.100001,1.499998,onboard,10,0.000000000,0.000000000,0.000000000,0.000650560,0.394760787
3,SCAN_P_QTP,qtp,p,1.599998,V,1.899997,-3.100001,1.599998,onboard,10,0.000000000,0.000000000,0.000000000,0.000753646,0.381431401
3,SCAN_P_QTP,qtp,p,1.699998,V,1.899997,-3.100001,1.699998,onboard,10,0.000000000,0.000000000,0.000000000,0.000544125,0.368425190
3,SCAN_P_QTP,qtp,p,1.799998,V,1.899997,-3.100001,1.799998,onboard,10,0.000000000,0.000000000,0.000000000,0.000533601,0.355084658
3,SCAN_P_QTP,qtp,p,1.899998,V,1.899997,-3.100001,1.899998,onboard,10,0.000000000,0.000000000,0.000000000,0.000504521,0.342079580
3,SCAN_P_QTP,qtp,p,1.999998,V,1.899997,-3.100001,1.999998,onboard,10,0.000000000,0.000000000,0.000000000,0.000460679,0.328782648
3,SCAN_P_QTP,qtp,p,2.099998,V,1.899997,-3.100001,2.099998,onboard,10,0.000000000,0.000000000,0.000000000,0.000538995,0.315877348
3,SCAN_P_QTP,qtp,p,2.199998,V,1.899997,-3.100001,2.199998,onboard,10,0.000000000,0.000000000,0.000000000,0.000326431,0.302820325
3,SCAN_P_QTP,qtp,p,2.299998,V,1.899997,-3.100001,2.299998,onboard,10,0.000000000,0.000000000,0.000000000,0.000331501,0.289714783
3,SCAN_P_QTP,qtp,p,2.399998,V,1.899997,-3.100001,2.399998,onboard,10,0.000000000,0.000000000,0.000000000,0.000332919,0.276981175
3,SCAN_P_QTP,qtp,p,2.499998,V,1.899997,-3.100001,2.499998,onboard,10,0.000000000,0.000000000,0.000000000,0.000294969,0.264133275
3,SCAN_P_QTP,qtp,p,2.599998,V,1.899997,-3.100001,2.599998,onboard,10,0.000000000,0.000000000,0.000000000,0.000307350,0.251424849
3,SCAN_P_QTP,qtp,p,2.699998,V,1.899997,-3.100001,2.699998,onboard,10,0.000000000,0.000000000,0.000000000,0.000217034,0.238991737
3,SCAN_P_QTP,qtp,p,2.799998,V,1.899997,-3.100001,2.799998,onboard,10,0.000000000,0.000000000,0.000000000,0.000177633,0.226578623
3,SCAN_P_QTP,qtp,p,2.899997,V,1.899997,-3.100001,2.899997,onboard,10,0.000000000,0.000000000,0.000000000,0.000243169,0.214493394
3,SCAN_P_QTP,qtp,p,2.999997,V,1.899997,-3.100001,2.999997,onboard,10,0.000000000,0.000000000,0.000000000,0.000256278,0.202648044
3,SCAN_P_QTP,qtp,p,3.099997,V,1.899997,-3.100001,3.099997,onboard,10,0.000000000,0.000000000,0.000000000,0.000227683,0.190762147
3,SCAN_P_QTP,qtp,p,3.199997,V,1.899997,-3.100001,3.199997,onboard,10,0.000000000,0.000000000,0.000000000,0.000269841,0.179278076
3,SCAN_P_QTP,qtp,p,3.299997,V,1.899997,-3.100001,3.299997,onboard,10,0.000000000,0.000000000,0.000000000,0.000255085,0.168135047
3,SCAN_P_QTP,qtp,p,3.399997,V,1.899997,-3.100001,3.399997,onboard,10,0.000000000,0.000000000,0.000000000,0.000336038,0.157134205
3,SCAN_P_QTP,qtp,p,3.499997,V,1.899997,-3.100001,3.499997,onboard,10,0.000000000,0.000000000,0.000000000,0.000424011,0.146431372
3,SCAN_P_QTP,qtp,p,3.599997,V,1.899997,-3.100001,3.599997,onboard,10,0.000000000,0.000000000,0.000000000,0.000375149,0.135973573
3,SCAN_P_QTP,qtp,p,3.699997,V,1.899997,-3.100001,3.699997,onboard,10,0.000000000,0.000000000,0.000000000,0.000432743,0.125770181
3,SCAN_P_QTP,qtp,p,3.799997,V,1.899997,-3.100001,3.799997,onboard,10,0.000000000,0.000000000,0.000000000,0.000455705,0.115986608
3,SCAN_P_QTP,qtp,p,3.899997,V,1.899997,-3.100001,3.899997,onboard,10,0.000000000,0.000000000,0.000000000,0.000530238,0.106322967
3,SCAN_P_QTP,qtp,p,3.999996,V,1.899997,-3.100001,3.999996,onboard,10,0.000000000,0.000000000,0.000000000,0.000609409,0.097173825
3,SCAN_P_QTP,qtp,p,4.099997,V,1.899997,-3.100001,4.099997,onboard,10,0.000000000,0.000000000,0.000000000,0.000575105,0.088407397
3,SCAN_P_QTP,qtp,p,4.199996,V,1.899997,-3.100001,4.199996,onboard,10,0.000000000,0.000000000,0.000000000,0.000636482,0.079801828
3,SCAN_P_QTP,qtp,p,4.299996,V,1.899997,-3.100001,4.299996,onboard,10,0.000000000,0.000000000,0.000000000,0.000663598,0.071667477
3,SCAN_P_QTP,qtp,p,4.399996,V,1.899997,-3.100001,4.399996,onboard,10,0.000000000,0.000000000,0.000000000,0.000732050,0.063961506
3,SCAN_P_QTP,qtp,p,4.499996,V,1.899997,-3.100001,4.499996,onboard,10,0.000000000,0.000000000,0.000000000,0.000790154,0.056523751
3,SCAN_P_QTP,qtp,p,4.599996,V,1.899997,-3.100001,4.599996,onboard,10,0.000000000,0.000000000,0.000000000,0.000779047,0.049593769
3,SCAN_P_QTP,qtp,p,4.699996,V,1.899997,-3.100001,4.699996,onboard,10,0.000000000,0.000000000,0.000000000,0.000828355,0.043064840
3,SCAN_P_QTP,qtp,p,4.799996,V,1.899997,-3.100001,4.799996,onboard,10,0.000000000,0.000000000,0.000000000,0.000853593,0.036872316
3,SCAN_P_QTP,qtp,p,4.899996,V,1.899997,-3.100001,4.899996,onboard,10,0.000000000,0.000000000,0.000000000,0.000911795,0.031192925
3,SCAN_P_QTP,qtp,p,4.999996,V,1.899997,-3.100001,4.999996,onboard,10,0.000000000,0.000000000,0.000000000,0.000957990,0.025938803
3,SCAN_P_QTP,qtp,p,5.099996,V,1.899997,-3.100001,5.099996,onboard,10,0.000000000,0.000000000,0.000000000,0.000961133,0.021111462
3,SCAN_P_QTP,qtp,p,5.199996,V,1.899997,-3.100001,5.199996,onboard,10,0.000000000,0.000000000,0.000000000,0.000998787,0.016763670
3,SCAN_P_QTP,qtp,p,5.299995,V,1.899997,-3.100001,5.299995,onboard,10,0.000000000,0.000000000,0.000000000,0.001027047,0.012827622
3,SCAN_P_QTP,qtp,p,5.399995,V,1.899997,-3.100001,5.399995,onboard,10,0.000000000,0.000000000,0.000000000,0.001066791,0.009379998
3,SCAN_P_QTP,qtp,p,5.499995,V,1.899997,-3.100001,5.499995,onboard,10,0.000000000,0.000000000,0.000000000,0.001095796,0.006411945
3,SCAN_P_QTP,qtp,p,5.599995,V,1.899997,-3.100001,5.599995,onboard,10,0.000000000,0.000000000,0.000000000,0.001113654,0.003892892
3,SCAN_P_QTP,qtp,p,5.699995,V,1.899997,-3.100001,5.699995,onboard,10,0.000000000,0.000000000,0.000000000,0.001137370,0.001865828
3,SCAN_P_QTP,qtp,p,5.799995,V,1.899997,-3.100001,5.799995,onboard,10,0.000000000,0.000000000,0.000000000,0.001166170,0.000311676
3,SCAN_P_QTP,qtp,p,5.899995,V,1.899997,-3.100001,5.899995,onboard,10,0.000000000,0.000000000,0.000000000,0.001185033,-0.000769811
3,SCAN_P_QTP,qtp,p,5.999995,V,1.899997,-3.100001,5.999995,onboard,10,0.000000000,0.000000000,0.000000000,0.001202169,-0.001356555
3,SCAN_P_QTP,qtp,p,6.099995,V,1.899997,-3.100001,6.099995,onboard,10,0.000000000,0.000000000,0.000000000,0.001224821,-0.001463800
3,SCAN_P_QTP,qtp,p,6.199995,V,1.899997,-3.100001,6.199995,onboard,10,0.000000000,0.000000000,0.000000000,0.001238534,-0.001091860
3,SCAN_P_QTP,qtp,p,6.299994,V,1.899997,-3.100001,6.299994,onboard,10,0.000000000,0.000000000,0.000000000,0.001258128,-0.000244222
3,SCAN_P_QTP,qtp,p,6.399994,V,1.899997,-3.100001,6.399994,onboard,10,0.000000000,0.000000000,0.000000000,0.001272117,0.001104555
3,SCAN_P_QTP,qtp,p,6.499994,V,1.899997,-3.100001,6.499994,onboard,10,0.000000000,0.000000000,0.000000000,0.001275304,0.002921262
3,SCAN_P_QTP,qtp,p,6.599994,V,1.899997,-3.100001,6.599994,onboard,10,0.000000000,0.000000000,0.000000000,0.001292862,0.005192599
3,SCAN_P_QTP,qtp,p,6.699994,V,1.899997,-3.100001,6.699994,onboard,10,0.000000000,0.000000000,0.000000000,0.001305300,0.007978128
3,SCAN_P_QTP,qtp,p,6.799994,V,1.899997,-3.100001,6.799994,onboard,10,0.000000000,0.000000000,0.000000000,0.001317880,0.011206782
3,SCAN_P_QTP,qtp,p,6.899994,V,1.899997,-3.100001,6.899994,onboard,10,0.000000000,0.000000000,0.000000000,0.001314499,0.014897702
3,SCAN_P_QTP,qtp,p,6.999994,V,1.899997,-3.100001,6.999994,onboard,10,0.000000000,0.000000000,0.000000000,0.001303805,0.019066716
3,SCAN_P_QTP,qtp,p,7.099994,V,1.899997,-3.100001,7.099994,onboard,10,0.000000000,0.000000000,0.000000000,0.001318789,0.023627799
3,SCAN_P_QTP,qtp,p,7.199994,V,1.899997,-3.100001,7.199994,onboard,10,0.000000000,0.000000000,0.000000000,0.001329689,0.028684676
3,SCAN_P_QTP,qtp,p,7.299994,V,1.899997,-3.100001,7.299994,onboard,10,0.000000000,0.000000000,0.000000000,0.001333121,0.034199122
3,SCAN_P_QTP,qtp,p,7.399993,V,1.899997,-3.100001,7.399993,onboard,10,0.000000000,0.000000000,0.000000000,0.001320430,0.040098093
3,SCAN_P_QTP,qtp,p,7.499993,V,1.899997,-3.100001,7.499993,onboard,10,0.000000000,0.000000000,0.000000000,0.001296256,0.046474665
3,SCAN_P_QTP,qtp,p,7.599993,V,1.899997,-3.100001,7.599993,onboard,10,0.000000000,0.000000000,0.000000000,0.001295485,0.053253315
3,SCAN_P_QTP,qtp,p,7.699993,V,1.899997,-3.100001,7.699993,onboard,10,0.000000000,0.000000000,0.000000000,0.001310301,0.060373735
3,SCAN_P_QTP,qtp,p,7.799993,V,1.899997,-3.100001,7.799993,onboard,10,0.000000000,0.000000000,0.000000000,0.001305509,0.068014137
3,SCAN_P_QTP,qtp,p,7.899993,V,1.899997,-3.100001,7.899993,onboard,10,0.000000000,0.000000000,0.000000000,0.001277298,0.075982228
3,SCAN_P_QTP,qtp,p,7.999993,V,1.899997,-3.100001,7.999993,onboard,10,0.000000000,0.000000000,0.000000000,0.001252952,0.084221706
3,SCAN_P_QTP,qtp,p,8.099993,V,1.899997,-3.100001,8.099993,onboard,10,0.000000000,0.000000000,0.000000000,0.001225661,0.092996061
3,SCAN_P_QTP,qtp,p,8.199993,V,1.899997,-3.100001,8.199993,onboard,10,0.000000000,0.000000000,0.000000000,0.001254866,0.102018021
3,SCAN_P_QTP,qtp,p,8.299994,V,1.899997,-3.100001,8.299994,onboard,10,0.000000000,0.000000000,0.000000000,0.001229449,0.111383639
3,SCAN_P_QTP,qtp,p,8.399994,V,1.899997,-3.100001,8.399994,onboard,10,0.000000000,0.000000000,0.000000000,0.001199293,0.121143200
3,SCAN_P_QTP,qtp,p,8.499994,V,1.899997,-3.100001,8.499994,onboard,10,0.000000000,0.000000000,0.000000000,0.001171938,0.131115347
3,SCAN_P_QTP,qtp,p,8.599995,V,1.899997,-3.100001,8.599995,onboard,10,0.000000000,0.000000000,0.000000000,0.001113116,0.141545504
3,SCAN_P_QTP,qtp,p,8.699995,V,1.899997,-3.100001,8.699995,onboard,10,0.000000000,0.000000000,0.000000000,0.001161543,0.152227432
3,SCAN_P_QTP,qtp,p,8.799995,V,1.899997,-3.100001,8.799995,onboard,10,0.000000000,0.000000000,0.000000000,0.001126986,0.163106114
3,SCAN_P_QTP,qtp,p,8.899996,V,1.899997,-3.100001,8.899996,onboard,10,0.000000000,0.000000000,0.000000000,0.001085426,0.174425915
3,SCAN_P_QTP,qtp,p,8.999996,V,1.899997,-3.100001,8.999996,onboard,10,0.000000000,0.000000000,0.000000000,0.001058037,0.185846686
4,SCAN_I_MITP,mitp,i,-9.000000,V,-9.000000,-3.100001,2.799998,onboard,10,0.082340851,0.000000000,0.000000000,0.000000000,0.268660605
4,SCAN_I_MITP,mitp,i,-8.900000,V,-8.900000,-3.100001,2.799998,onboard,10,0.096040405,0.000000000,0.000000000,0.000000000,0.298890740
4,SCAN_I_MITP,mitp,i,-8.799999,V,-8.799999,-3.100001,2.799998,onboard,10,0.097391158,0.000000000,0.000000000,0.000000000,0.305423677
4,SCAN_I_MITP,mitp,i,-8.699999,V,-8.699999,-3.100001,2.799998,onboard,10,0.098252729,0.000000000,0.000000000,0.000000000,0.310908735
4,SCAN_I_MITP,mitp,i,-8.599998,V,-8.599998,-3.100001,2.799998,onboard,10,0.098904893,0.000000000,0.000000000,0.000000000,0.316127598
4,SCAN_I_MITP,mitp,i,-8.499998,V,-8.499998,-3.100001,2.799998,onboard,10,0.099524274,0.000000000,0.000000000,0.000000000,0.321554959
4,SCAN_I_MITP,mitp,i,-8.399998,V,-8.399998,-3.100001,2.799998,onboard,10,0.100287393,0.000000000,0.000000000,0.000000000,0.327067643
4,SCAN_I_MITP,mitp,i,-8.299997,V,-8.299997,-3.100001,2.799998,onboard,10,0.100341305,0.000000000,0.000000000,0.000000000,0.332609057
4,SCAN_I_MITP,mitp,i,-8.199997,V,-8.199997,-3.100001,2.799998,onboard,10,0.100470498,0.000000000,0.000000000,0.000000000,0.338041276
4,SCAN_I_MITP,mitp,i,-8.099997,V,-8.099997,-3.100001,2.799998,onboard,10,0.101063870,0.000000000,0.000000000,0.000000000,0.343672931
4,SCAN_I_MITP,mitp,i,-7.999997,V,-7.999997,-3.100001,2.799998,onboard,10,0.100797199,0.000000000,0.000000000,0.000000000,0.349417239
4,SCAN_I_MITP,mitp,i,-7.899997,V,-7.899997,-3.100001,2.799998,onboard,10,0.100596130,0.000000000,0.000000000,0.000000000,0.355008692
4,SCAN_I_MITP,mitp,i,-7.799997,V,-7.799997,-3.100001,2.799998,onboard,10,0.100573257,0.000000000,0.000000000,0.000000000,0.360827118
4,SCAN_I_MITP,mitp,i,-7.699997,V,-7.699997,-3.100001,2.799998,onboard,10,0.099947885,0.000000000,0.000000000,0.000000000,0.366519809
4,SCAN_I_MITP,mitp,i,-7.599997,V,-7.599997,-3.100001,2.799998,onboard,10,0.099470541,0.000000000,0.000000000,0.000000000,0.371978730
4,SCAN_I_MITP,mitp,i,-7.499997,V,-7.499997,-3.100001,2.799998,onboard,10,0.098827191,0.000000000,0.000000000,0.000000000,0.377186656
4,SCAN_I_MITP,mitp,i,-7.399997,V,-7.399997,-3.100001,2.799998,onboard,10,0.097758219,0.000000000,0.000000000,0.000000000,0.383043379
4,SCAN_I_MITP,mitp,i,-7.299997,V,-7.299997,-3.100001,2.799998,onboard,10,0.096856333,0.000000000,0.000000000,0.000000000,0.388811707
4,SCAN_I_MITP,mitp,i,-7.199997,V,-7.199997,-3.100001,2.799998,onboard,10,0.095825024,0.000000000,0.000000000,0.000000000,0.394191921
4,SCAN_I_MITP,mitp,i,-7.099998,V,-7.099998,-3.100001,2.799998,onboard,10,0.094229475,0.000000000,0.000000000,0.000000000,0.399511874
4,SCAN_I_MITP,mitp,i,-6.999998,V,-6.999998,-3.100001,2.799998,onboard,10,0.092914701,0.000000000,0.000000000,0.000000000,0.404522806
4,SCAN_I_MITP,mitp,i,-6.899998,V,-6.899998,-3.100001,2.799998,onboard,10,0.091762587,0.000000000,0.000000000,0.000000000,0.410146326
4,SCAN_I_MITP,mitp,i,-6.799998,V,-6.799998,-3.100001,2.799998,onboard,10,0.089585982,0.000000000,0.000000000,0.000000000,0.415689856
4,SCAN_I_MITP,mitp,i,-6.699998,V,-6.699998,-3.100001,2.799998,onboard,10,0.087926447,0.000000000,0.000000000,0.000000000,0.420737803
4,SCAN_I_MITP,mitp,i,-6.599998,V,-6.599998,-3.100001,2.799998,onboard,10,0.086367592,0.000000000,0.000000000,0.000000000,0.425655365
4,SCAN_I_MITP,mitp,i,-6.499998,V,-6.499998,-3.100001,2.799998,onboard,10,0.083958894,0.000000000,0.000000000,0.000000000,0.430813313
4,SCAN_I_MITP,mitp,i,-6.399998,V,-6.399998,-3.100001,2.799998,onboard,10,0.081856929,0.000000000,0.000000000,0.000000000,0.435801595
4,SCAN_I_MITP,mitp,i,-6.299998,V,-6.299998,-3.100001,2.799998,onboard,10,0.079723217,0.000000000,0.000000000,0.000000000,0.440411240
4,SCAN_I_MITP,mitp,i,-6.199998,V,-6.199998,-3.100001,2.799998,onboard,10,0.077112712,0.000000000,0.000000000,0.000000000,0.445138842
4,SCAN_I_MITP,mitp,i,-6.099998,V,-6.099998,-3.100001,2.799998,onboard,10,0.074494034,0.000000000,0.000000000,0.000000000,0.449608386
4,SCAN_I_MITP,mitp,i,-5.999999,V,-5.999999,-3.100001,2.799998,onboard,10,0.071829766,0.000000000,0.000000000,0.000000000,0.454108149
4,SCAN_I_MITP,mitp,i,-5.899999,V,-5.899999,-3.100001,2.799998,onboard,10,0.069167390,0.000000000,0.000000000,0.000000000,0.458270848
4,SCAN_I_MITP,mitp,i,-5.799999,V,-5.799999,-3.100001,2.799998,onboard,10,0.066112615,0.000000000,0.000000000,0.000000000,0.462329388
4,SCAN_I_MITP,mitp,i,-5.699999,V,-5.699999,-3.100001,2.799998,onboard,10,0.063063994,0.000000000,0.000000000,0.000000000,0.466373682
4,SCAN_I_MITP,mitp,i,-5.599999,V,-5.599999,-3.100001,2.799998,onboard,10,0.060222171,0.000000000,0.000000000,0.000000000,0.469958216
4,SCAN_I_MITP,mitp,i,-5.499999,V,-5.499999,-3.100001,2.799998,onboard,10,0.056915779,0.000000000,0.000000000,0.000000000,0.473662376
4,SCAN_I_MITP,mitp,i,-5.399999,V,-5.399999,-3.100001,2.799998,onboard,10,0.053561561,0.000000000,0.000000000,0.000000000,0.477267832
4,SCAN_I_MITP,mitp,i,-5.299999,V,-5.299999,-3.100001,2.799998,onboard,10,0.050257020,0.000000000,0.000000000,0.000000000,0.480557740
4,SCAN_I_MITP,mitp,i,-5.199999,V,-5.199999,-3.100001,2.799998,onboard,10,0.046751119,0.000000000,0.000000000,0.000000000,0.483604908
4,SCAN_I_MITP,mitp,i,-5.099999,V,-5.099999,-3.100001,2.799998,onboard,10,0.043242808,0.000000000,0.000000000,0.000000000,0.486417353
4,SCAN_I_MITP,mitp,i,-5.000000,V,-5.000000,-3.100001,2.799998,onboard,10,0.039653044,0.000000000,0.000000000,0.000000000,0.489244640
4,SCAN_I_MITP,mitp,i,-4.900000,V,-4.900000,-3.100001,2.799998,onboard,10,0.035860140,0.000000000,0.000000000,0.000000000,0.491663158
4,SCAN_I_MITP,mitp,i,-4.800000,V,-4.800000,-3.100001,2.799998,onboard,10,0.032033283,0.000000000,0.000000000,0.000000000,0.494084030
4,SCAN_I_MITP,mitp,i,-4.700000,V,-4.700000,-3.100001,2.799998,onboard,10,0.028266162,0.000000000,0.000000000,0.000000000,0.495823860
4,SCAN_I_MITP,mitp,i,-4.600000,V,-4.600000,-3.100001,2.799998,onboard,10,0.024384068,0.000000000,0.000000000,0.000000000,0.497573763
4,SCAN_I_MITP,mitp,i,-4.500000,V,-4.500000,-3.100001,2.799998,onboard,10,0.020545023,0.000000000,0.000000000,0.000000000,0.499290407
4,SCAN_I_MITP,mitp,i,-4.400000,V,-4.400000,-3.100001,2.799998,onboard,10,0.016788151,0.000000000,0.000000000,0.000000000,0.500868201
4,SCAN_I_MITP,mitp,i,-4.300000,V,-4.300000,-3.100001,2.799998,onboard,10,0.012894077,0.000000000,0.000000000,0.000000000,0.502063513
4,SCAN_I_MITP,mitp,i,-4.200000,V,-4.200000,-3.100001,2.799998,onboard,10,0.009433300,0.000000000,0.000000000,0.000000000,0.503023028
4,SCAN_I_MITP,mitp,i,-4.100000,V,-4.100000,-3.100001,2.799998,onboard,10,0.006908505,0.000000000,0.000000000,0.000000000,0.503856361
4,SCAN_I_MITP,mitp,i,-4.000000,V,-4.000000,-3.100001,2.799998,onboard,10,0.006260896,0.000000000,0.000000000,0.000000000,0.504210114
4,SCAN_I_MITP,mitp,i,-3.900001,V,-3.900001,-3.100001,2.799998,onboard,10,0.008276597,0.000000000,0.000000000,0.000000000,0.504590154
4,SCAN_I_MITP,mitp,i,-3.800001,V,-3.800001,-3.100001,2.799998,onboard,10,0.011571417,0.000000000,0.000000000,0.000000000,0.504636407
4,SCAN_I_MITP,mitp,i,-3.700001,V,-3.700001,-3.100001,2.799998,onboard,10,0.015361841,0.000000000,0.000000000,0.000000000,0.504185200
4,SCAN_I_MITP,mitp,i,-3.600001,V,-3.600001,-3.100001,2.799998,onboard,10,0.019260544,0.000000000,0.000000000,0.000000000,0.503919899
4,SCAN_I_MITP,mitp,i,-3.500001,V,-3.500001,-3.100001,2.799998,onboard,10,0.023439264,0.000000000,0.000000000,0.000000000,0.503199458
4,SCAN_I_MITP,mitp,i,-3.400001,V,-3.400001,-3.100001,2.799998,onboard,10,0.027694058,0.000000000,0.000000000,0.000000000,0.502429128
4,SCAN_I_MITP,mitp,i,-3.300001,V,-3.300001,-3.100001,2.799998,onboard,10,0.031865101,0.000000000,0.000000000,0.000000000,0.501169860
4,SCAN_I_MITP,mitp,i,-3.200001,V,-3.200001,-3.100001,2.799998,onboard,10,0.036026750,0.000000000,0.000000000,0.000000000,0.499606222
4,SCAN_I_MITP,mitp,i,-3.100001,V,-3.100001,-3.100001,2.799998,onboard,10,0.040287625,0.000000000,0.000000000,0.000000000,0.497925133
4,SCAN_I_MITP,mitp,i,-3.000001,V,-3.000001,-3.100001,2.799998,onboard,10,0.044467080,0.000000000,0.000000000,0.000000000,0.496297657
4,SCAN_I_MITP,mitp,i,-2.900002,V,-2.900002,-3.100001,2.799998,onboard,10,0.048631318,0.000000000,0.000000000,0.000000000,0.494357735
4,SCAN_I_MITP,mitp,i,-2.800002,V,-2.800002,-3.100001,2.799998,onboard,10,0.052930124,0.000000000,0.000000000,0.000000000,0.491877496
4,SCAN_I_MITP,mitp,i,-2.700002,V,-2.700002,-3.100001,2.799998,onboard,10,0.056992315,0.000000000,0.000000000,0.000000000,0.489226192
4,SCAN_I_MITP,mitp,i,-2.600002,V,-2.600002,-3.100001,2.799998,onboard,10,0.061085530,0.000000000,0.000000000,0.000000000,0.486436844
4,SCAN_I_MITP,mitp,i,-2.500002,V,-2.500002,-3.100001,2.799998,onboard,10,0.065129638,0.000000000,0.000000000,0.000000000,0.483093679
4,SCAN_I_MITP,mitp,i,-2.400002,V,-2.400002,-3.100001,2.799998,onboard,10,0.068929628,0.000000000,0.000000000,0.000000000,0.480039656
4,SCAN_I_MITP,mitp,i,-2.300002,V,-2.300002,-3.100001,2.799998,onboard,10,0.073014639,0.000000000,0.000000000,0.000000000,0.476760805
4,SCAN_I_MITP,mitp,i,-2.200002,V,-2.200002,-3.100001,2.799998,onboard,10,0.076849565,0.000000000,0.000000000,0.000000000,0.473080158
4,SCAN_I_MITP,mitp,i,-2.100002,V,-2.100002,-3.100001,2.799998,onboard,10,0.080110706,0.000000000,0.000000000,0.000000000,0.468756378
4,SCAN_I_MITP,mitp,i,-2.000002,V,-2.000002,-3.100001,2.799998,onboard,10,0.084118821,0.000000000,0.000000000,0.000000000,0.464805692
4,SCAN_I_MITP,mitp,i,-1.900002,V,-1.900002,-3.100001,2.799998,onboard,10,0.087808236,0.000000000,0.000000000,0.000000000,0.460771382
4,SCAN_I_MITP,mitp,i,-1.800002,V,-1.800002,-3.100001,2.799998,onboard,10,0.090954073,0.000000000,0.000000000,0.000000000,0.456107318
4,SCAN_I_MITP,mitp,i,-1.700002,V,-1.700002,-3.100001,2.799998,onboard,10,0.094467692,0.000000000,0.000000000,0.000000000,0.451138347
4,SCAN_I_MITP,mitp,i,-1.600002,V,-1.600002,-3.100001,2.799998,onboard,10,0.097795308,0.000000000,0.000000000,0.000000000,0.446091264
4,SCAN_I_MITP,mitp,i,-1.500002,V,-1.500002,-3.100001,2.799998,onboard,10,0.100862339,0.000000000,0.000000000,0.000000000,0.440931857
4,SCAN_I_MITP,mitp,i,-1.400002,V,-1.400002,-3.100001,2.799998,onboard,10,0.103916571,0.000000000,0.000000000,0.000000000,0.435629427
4,SCAN_I_MITP,mitp,i,-1.300002,V,-1.300002,-3.100001,2.799998,onboard,10,0.107106350,0.000000000,0.000000000,0.000000000,0.430240482
4,SCAN_I_MITP,mitp,i,-1.200002,V,-1.200002,-3.100001,2.799998,onboard,10,0.109911278,0.000000000,0.000000000,0.000000000,0.424642384
4,SCAN_I_MITP,mitp,i,-1.100002,V,-1.100002,-3.100001,2.799998,onboard,10,0.112314127,0.000000000,0.000000000,0.000000000,0.418998897
4,SCAN_I_MITP,mitp,i,-1.000002,V,-1.000002,-3.100001,2.799998,onboard,10,0.114912428,0.000000000,0.000000000,0.000000000,0.412920654
4,SCAN_I_MITP,mitp,i,-0.900002,V,-0.900002,-3.100001,2.799998,onboard,10,0.117583610,0.000000000,0.000000000,0.000000000,0.406772077
4,SCAN_I_MITP,mitp,i,-0.800002,V,-0.800002,-3.100001,2.799998,onboard,10,0.119503535,0.000000000,0.000000000,0.000000000,0.400337845
4,SCAN_I_MITP,mitp,i,-0.700002,V,-0.700002,-3.100001,2.799998,onboard,10,0.121606901,0.000000000,0.000000000,0.000000000,0.394241959
4,SCAN_I_MITP,mitp,i,-0.600002,V,-0.600002,-3.100001,2.799998,onboard,10,0.123790041,0.000000000,0.000000000,0.000000000,0.387522131
4,SCAN_I_MITP,mitp,i,-0.500002,V,-0.500002,-3.100001,2.799998,onboard,10,0.125506312,0.000000000,0.000000000,0.000000000,0.380885899
4,SCAN_I_MITP,mitp,i,-0.400002,V,-0.400002,-3.100001,2.799998,onboard,10,0.127031237,0.000000000,0.000000000,0.000000000,0.374360144
4,SCAN_I_MITP,mitp,i,-0.300002,V,-0.300002,-3.100001,2.799998,onboard,10,0.128924087,0.000000000,0.000000000,0.000000000,0.367521465
4,SCAN_I_MITP,mitp,i,-0.200002,V,-0.200002,-3.100001,2.799998,onboard,10,0.130044788,0.000000000,0.000000000,0.000000000,0.360626012
4,SCAN_I_MITP,mitp,i,-0.100002,V,-0.100002,-3.100001,2.799998,onboard,10,0.131182343,0.000000000,0.000000000,0.000000000,0.353506386
4,SCAN_I_MITP,mitp,i,-0.000002,V,-0.000002,-3.100001,2.799998,onboard,10,0.132456496,0.000000000,0.000000000,0.000000000,0.346460164
4,SCAN_I_MITP,mitp,i,0.099998,V,0.099998,-3.100001,2.799998,onboard,10,0.132980019,0.000000000,0.000000000,0.000000000,0.339494765
4,SCAN_I_MITP,mitp,i,0.199998,V,0.199998,-3.100001,2.799998,onboard,10,0.133803576,0.000000000,0.000000000,0.000000000,0.332343578
4,SCAN_I_MITP,mitp,i,0.299998,V,0.299998,-3.100001,2.799998,onboard,10,0.134364799,0.000000000,0.000000000,0.000000000,0.325132608
4,SCAN_I_MITP,mitp,i,0.399998,V,0.399998,-3.100001,2.799998,onboard,10,0.134218141,0.000000000,0.000000000,0.000000000,0.317949235
4,SCAN_I_MITP,mitp,i,0.499998,V,0.499998,-3.100001,2.799998,onboard,10,0.134512812,0.000000000,0.000000000,0.000000000,0.310547829
4,SCAN_I_MITP,mitp,i,0.599998,V,0.599998,-3.100001,2.799998,onboard,10,0.134737045,0.000000000,0.000000000,0.000000000,0.303374469
4,SCAN_I_MITP,mitp,i,0.699998,V,0.699998,-3.100001,2.799998,onboard,10,0.134040713,0.000000000,0.000000000,0.000000000,0.296161979
4,SCAN_I_MITP,mitp,i,0.799998,V,0.799998,-3.100001,2.799998,onboard,10,0.133605242,0.000000000,0.000000000,0.000000000,0.288577139
4,SCAN_I_MITP,mitp,i,0.899998,V,0.899998,-3.100001,2.799998,onboard,10,0.133347377,0.000000000,0.000000000,0.000000000,0.281489074
4,SCAN_I_MITP,mitp,i,0.999998,V,0.999998,-3.100001,2.799998,onboard,10,0.132242486,0.000000000,0.000000000,0.000000000,0.274327725
4,SCAN_I_MITP,mitp,i,1.099998,V,1.099998,-3.100001,2.799998,onboard,10,0.131305069,0.000000000,0.000000000,0.000000000,0.267195642
4,SCAN_I_MITP,mitp,i,1.199998,V,1.199998,-3.100001,2.799998,onboard,10,0.130417973,0.000000000,0.000000000,0.000000000,0.259998649
4,SCAN_I_MITP,mitp,i,1.299998,V,1.299998,-3.100001,2.799998,onboard,10,0.128860027,0.000000000,0.000000000,0.000000000,0.252917022
4,SCAN_I_MITP,mitp,i,1.399998,V,1.399998,-3.100001,2.799998,onboard,10,0.127077252,0.000000000,0.000000000,0.000000000,0.246064454
4,SCAN_I_MITP,mitp,i,1.499998,V,1.499998,-3.100001,2.799998,onboard,10,0.125387028,0.000000000,0.000000000,0.000000000,0.239048928
4,SCAN_I_MITP,mitp,i,1.599998,V,1.599998,-3.100001,2.799998,onboard,10,0.123686217,0.000000000,0.000000000,0.000000000,0.232330680
4,SCAN_I_MITP,mitp,i,1.699998,V,1.699998,-3.100001,2.799998,onboard,10,0.121343896,0.000000000,0.000000000,0.000000000,0.225587338
4,SCAN_I_MITP,mitp,i,1.799998,V,1.799998,-3.100001,2.799998,onboard,10,0.118844405,0.000000000,0.000000000,0.000000000,0.219044968
4,SCAN_I_MITP,mitp,i,1.899998,V,1.899998,-3.100001,2.799998,onboard,10,0.116642118,0.000000000,0.000000000,0.000000000,0.212490082
4,SCAN_I_MITP,mitp,i,1.999998,V,1.999998,-3.100001,2.799998,onboard,10,0.113914430,0.000000000,0.000000000,0.000000000,0.206267357
4,SCAN_I_MITP,mitp,i,2.099998,V,2.099998,-3.100001,2.799998,onboard,10,0.110830463,0.000000000,0.000000000,0.000000000,0.200106055
4,SCAN_I_MITP,mitp,i,2.199998,V,2.199998,-3.100001,2.799998,onboard,10,0.108257219,0.000000000,0.000000000,0.000000000,0.194155008
4,SCAN_I_MITP,mitp,i,2.299998,V,2.299998,-3.100001,2.799998,onboard,10,0.105041422,0.000000000,0.000000000,0.000000000,0.188373417
4,SCAN_I_MITP,mitp,i,2.399998,V,2.399998,-3.100001,2.799998,onboard,10,0.101441935,0.000000000,0.000000000,0.000000000,0.182552859
4,SCAN_I_MITP,mitp,i,2.499998,V,2.499998,-3.100001,2.799998,onboard,10,0.098147459,0.000000000,0.000000000,0.000000000,0.177114621
4,SCAN_I_MITP,mitp,i,2.599998,V,2.599998,-3.100001,2.799998,onboard,10,0.094198301,0.000000000,0.000000000,0.000000000,0.171858221
4,SCAN_I_MITP,mitp,i,2.699998,V,2.699998,-3.100001,2.799998,onboard,10,0.090353042,0.000000000,0.000000000,0.000000000,0.166753620
4,SCAN_I_MITP,mitp,i,2.799998,V,2.799998,-3.100001,2.799998,onboard,10,0.086427227,0.000000000,0.000000000,0.000000000,0.161838621
4,SCAN_I_MITP,mitp,i,2.899997,V,2.899997,-3.100001,2.799998,onboard,10,0.081864044,0.000000000,0.000000000,0.000000000,0.157154784
4,SCAN_I_MITP,mitp,i,2.999997,V,2.999997,-3.100001,2.799998,onboard,10,0.077722408,0.000000000,0.000000000,0.000000000,0.152868718
4,SCAN_I_MITP,mitp,i,3.099997,V,3.099997,-3.100001,2.799998,onboard,10,0.073326647,0.000000000,0.000000000,0.000000000,0.148604929
4,SCAN_I_MITP,mitp,i,3.199997,V,3.199997,-3.100001,2.799998,onboard,10,0.068537548,0.000000000,0.000000000,0.000000000,0.144718722
4,SCAN_I_MITP,mitp,i,3.299997,V,3.299997,-3.100001,2.799998,onboard,10,0.063764870,0.000000000,0.000000000,0.000000000,0.140990570
4,SCAN_I_MITP,mitp,i,3.399997,V,3.399997,-3.100001,2.799998,onboard,10,0.058981508,0.000000000,0.000000000,0.000000000,0.137594670
4,SCAN_I_MITP,mitp,i,3.499997,V,3.499997,-3.100001,2.799998,onboard,10,0.053907447,0.000000000,0.000000000,0.000000000,0.134577870
4,SCAN_I_MITP,mitp,i,3.599997,V,3.599997,-3.100001,2.799998,onboard,10,0.048723441,0.000000000,0.000000000,0.000000000,0.131639346
4,SCAN_I_MITP,mitp,i,3.699997,V,3.699997,-3.100001,2.799998,onboard,10,0.043616135,0.000000000,0.000000000,0.000000000,0.129046842
4,SCAN_I_MITP,mitp,i,3.799997,V,3.799997,-3.100001,2.799998,onboard,10,0.038082592,0.000000000,0.000000000,0.000000000,0.126825884
4,SCAN_I_MITP,mitp,i,3.899997,V,3.899997,-3.100001,2.799998,onboard,10,0.032461960,0.000000000,0.000000000,0.000000000,0.124873325
4,SCAN_I_MITP,mitp,i,3.999996,V,3.999996,-3.100001,2.799998,onboard,10,0.026885644,0.000000000,0.000000000,0.000000000,0.123218514
4,SCAN_I_MITP,mitp,i,4.099997,V,4.099997,-3.100001,2.799998,onboard,10,0.021208998,0.000000000,0.000000000,0.000000000,0.121817484
4,SCAN_I_MITP,mitp,i,4.199996,V,4.199996,-3.100001,2.799998,onboard,10,0.015468379,0.000000000,0.000000000,0.000000000,0.120846592
4,SCAN_I_MITP,mitp,i,4.299996,V,4.299996,-3.100001,2.799998,onboard,10,0.009582112,0.000000000,0.000000000,0.000000000,0.120073423
4,SCAN_I_MITP,mitp,i,4.399996,V,4.399996,-3.100001,2.799998,onboard,10,0.003747624,0.000000000,0.000000000,0.000000000,0.119707026
4,SCAN_I_MITP,mitp,i,4.499996,V,4.499996,-3.100001,2.799998,onboard,10,0.002895060,0.000000000,0.000000000,0.000000000,0.119723536
4,SCAN_I_MITP,mitp,i,4.599996,V,4.599996,-3.100001,2.799998,onboard,10,0.008764111,0.000000000,0.000000000,0.000000000,0.119985379
4,SCAN_I_MITP,mitp,i,4.699996,V,4.699996,-3.100001,2.799998,onboard,10,0.014856698,0.000000000,0.000000000,0.000000000,0.120582961
4,SCAN_I_MITP,mitp,i,4.799996,V,4.799996,-3.100001,2.799998,onboard,10,0.020982880,0.000000000,0.000000000,0.000000000,0.121552467
4,SCAN_I_MITP,mitp,i,4.899996,V,4.899996,-3.100001,2.799998,onboard,10,0.027335757,0.000000000,0.000000000,0.000000000,0.122922182
4,SCAN_I_MITP,mitp,i,4.999996,V,4.999996,-3.100001,2.799998,onboard,10,0.033650309,0.000000000,0.000000000,0.000000000,0.124587819
4,SCAN_I_MITP,mitp,i,5.099996,V,5.099996,-3.100001,2.799998,onboard,10,0.039826646,0.000000000,0.000000000,0.000000000,0.126546547
4,SCAN_I_MITP,mitp,i,5.199996,V,5.199996,-3.100001,2.799998,onboard,10,0.046197090,0.000000000,0.000000000,0.000000000,0.128935203
4,SCAN_I_MITP,mitp,i,5.299995,V,5.299995,-3.100001,2.799998,onboard,10,0.052631855,0.000000000,0.000000000,0.000000000,0.131712228
4,SCAN_I_MITP,mitp,i,5.399995,V,5.399995,-3.100001,2.799998,onboard,10,0.058902420,0.000000000,0.000000000,0.000000000,0.134830087
4,SCAN_I_MITP,mitp,i,5.499995,V,5.499995,-3.100001,2.799998,onboard,10,0.065313756,0.000000000,0.000000000,0.000000000,0.138192281
4,SCAN_I_MITP,mitp,i,5.599995,V,5.599995,-3.100001,2.799998,onboard,10,0.071874365,0.000000000,0.000000000,0.000000000,0.142047003
4,SCAN_I_MITP,mitp,i,5.699995,V,5.699995,-3.100001,2.799998,onboard,10,0.077842087,0.000000000,0.000000000,0.000000000,0.146161094
4,SCAN_I_MITP,mitp,i,5.799995,V,5.799995,-3.100001,2.799998,onboard,10,0.084345654,0.000000000,0.000000000,0.000000000,0.150729701
4,SCAN_I_MITP,mitp,i,5.899995,V,5.899995,-3.100001,2.799998,onboard,10,0.090880863,0.000000000,0.000000000,0.000000000,0.155611396
4,SCAN_I_MITP,mitp,i,5.999995,V,5.999995,-3.100001,2.799998,onboard,10,0.097003512,0.000000000,0.000000000,0.000000000,0.160830289
4,SCAN_I_MITP,mitp,i,6.099995,V,6.099995,-3.100001,2.799998,onboard,10,0.103229426,0.000000000,0.000000000,0.000000000,0.166514426
4,SCAN_I_MITP,mitp,i,6.199995,V,6.199995,-3.100001,2.799998,onboard,10,0.109541431,0.000000000,0.000000000,0.000000000,0.172368705
4,SCAN_I_MITP,mitp,i,6.299994,V,6.299994,-3.100001,2.799998,onboard,10,0.115730703,0.000000000,0.000000000,0.000000000,0.178673208
4,SCAN_I_MITP,mitp,i,6.399994,V,6.399994,-3.100001,2.799998,onboard,10,0.121555015,0.000000000,0.000000000,0.000000000,0.185197830
4,SCAN_I_MITP,mitp,i,6.499994,V,6.499994,-3.100001,2.799998,onboard,10,0.127659500,0.000000000,0.000000000,0.000000000,0.192245647
4,SCAN_I_MITP,mitp,i,6.599994,V,6.599994,-3.100001,2.799998,onboard,10,0.133973837,0.000000000,0.000000000,0.000000000,0.199602067
4,SCAN_I_MITP,mitp,i,6.699994,V,6.699994,-3.100001,2.799998,onboard,10,0.139363080,0.000000000,0.000000000,0.000000000,0.207197219
4,SCAN_I_MITP,mitp,i,6.799994,V,6.799994,-3.100001,2.799998,onboard,10,0.144909978,0.000000000,0.000000000,0.000000000,0.214970261
4,SCAN_I_MITP,mitp,i,6.899994,V,6.899994,-3.100001,2.799998,onboard,10,0.151251614,0.000000000,0.000000000,0.000000000,0.223394081
4,SCAN_I_MITP,mitp,i,6.999994,V,6.999994,-3.100001,2.799998,onboard,10,0.156465322,0.000000000,0.000000000,0.000000000,0.232081652
4,SCAN_I_MITP,mitp,i,7.099994,V,7.099994,-3.100001,2.799998,onboard,10,0.161678463,0.000000000,0.000000000,0.000000000,0.240898892
4,SCAN_I_MITP,mitp,i,7.199994,V,7.199994,-3.100001,2.799998,onboard,10,0.167307943,0.000000000,0.000000000,0.000000000,0.249950722
4,SCAN_I_MITP,mitp,i,7.299994,V,7.299994,-3.100001,2.799998,onboard,10,0.172400594,0.000000000,0.000000000,0.000000000,0.259673506
4,SCAN_I_MITP,mitp,i,7.399993,V,7.399993,-3.100001,2.799998,onboard,10,0.177710474,0.000000000,0.000000000,0.000000000,0.269377947
4,SCAN_I_MITP,mitp,i,7.499993,V,7.499993,-3.100001,2.799998,onboard,10,0.182755545,0.000000000,0.000000000,0.000000000,0.279536366
4,SCAN_I_MITP,mitp,i,7.599993,V,7.599993,-3.100001,2.799998,onboard,10,0.187039122,0.000000000,0.000000000,0.000000000,0.289903939
4,SCAN_I_MITP,mitp,i,7.699993,V,7.699993,-3.100001,2.799998,onboard,10,0.192005485,0.000000000,0.000000000,0.000000000,0.300492257
4,SCAN_I_MITP,mitp,i,7.799993,V,7.799993,-3.100001,2.799998,onboard,10,0.196480423,0.000000000,0.000000000,0.000000000,0.311306715
4,SCAN_I_MITP,mitp,i,7.899993,V,7.899993,-3.100001,2.799998,onboard,10,0.200253010,0.000000000,0.000000000,0.000000000,0.322496593
4,SCAN_I_MITP,mitp,i,7.999993,V,7.999993,-3.100001,2.799998,onboard,10,0.204816729,0.000000000,0.000000000,0.000000000,0.333876252
4,SCAN_I_MITP,mitp,i,8.099993,V,8.099993,-3.100001,2.799998,onboard,10,0.209150106,0.000000000,0.000000000,0.000000000,0.345560580
4,SCAN_I_MITP,mitp,i,8.199993,V,8.199993,-3.100001,2.799998,onboard,10,0.211836770,0.000000000,0.000000000,0.000000000,0.357106745
4,SCAN_I_MITP,mitp,i,8.299994,V,8.299994,-3.100001,2.799998,onboard,10,0.215878919,0.000000000,0.000000000,0.000000000,0.369004607
4,SCAN_I_MITP,mitp,i,8.399994,V,8.399994,-3.100001,2.799998,onboard,10,0.220241189,0.000000000,0.000000000,0.000000000,0.381708592
4,SCAN_I_MITP,mitp,i,8.499994,V,8.499994,-3.100001,2.799998,onboard,10,0.222600624,0.000000000,0.000000000,0.000000000,0.393944472
4,SCAN_I_MITP,mitp,i,8.599995,V,8.599995,-3.100001,2.799998,onboard,10,0.225782081,0.000000000,0.000000000,0.000000000,0.406743944
4,SCAN_I_MITP,mitp,i,8.699995,V,8.699995,-3.100001,2.799998,onboard,10,0.229106382,0.000000000,0.000000000,0.000000000,0.419408470
4,SCAN_I_MITP,mitp,i,8.799995,V,8.799995,-3.100001,2.799998,onboard,10,0.231623679,0.000000000,0.000000000,0.000000000,0.432496130
4,SCAN_I_MITP,mitp,i,8.899996,V,8.899996,-3.100001,2.799998,onboard,10,0.233592466,0.000000000,0.000000000,0.000000000,0.445627213
4,SCAN_I_MITP,mitp,i,8.999996,V,8.999996,-3.100001,2.799998,onboard,10,0.235900402,0.000000000,0.000000000,0.000000000,0.458561242
5,SCAN_Q_MITP,mitp,q,-9.000000,V,4.499996,-9.000000,2.799998,onboard,10,0.000000000,0.083711088,0.000000000,0.000000000,0.231904030
5,SCAN_Q_MITP,mitp,q,-8.900000,V,4.499996,-8.900000,2.799998,onboard,10,0.000000000,0.150845766,0.000000000,0.000000000,0.160906032
5,SCAN_Q_MITP,mitp,q,-8.799999,V,4.499996,-8.799999,2.799998,onboard,10,0.000000000,0.148141235,0.000000000,0.000000000,0.150690809
5,SCAN_Q_MITP,mitp,q,-8.699999,V,4.499996,-8.699999,2.799998,onboard,10,0.000000000,0.144718692,0.000000000,0.000000000,0.142859578
5,SCAN_Q_MITP,mitp,q,-8.599998,V,4.499996,-8.599998,2.799998,onboard,10,0.000000000,0.141216934,0.000000000,0.000000000,0.135231197
5,SCAN_Q_MITP,mitp,q,-8.499998,V,4.499996,-8.499998,2.799998,onboard,10,0.000000000,0.137309566,0.000000000,0.000000000,0.127592817
5,SCAN_Q_MITP,mitp,q,-8.399998,V,4.499996,-8.399998,2.799998,onboard,10,0.000000000,0.133784026,0.000000000,0.000000000,0.120108686
5,SCAN_Q_MITP,mitp,q,-8.299997,V,4.499996,-8.299997,2.799998,onboard,10,0.000000000,0.129609853,0.000000000,0.000000000,0.112812594
5,SCAN_Q_MITP,mitp,q,-8.199997,V,4.499996,-8.199997,2.799998,onboard,10,0.000000000,0.125110343,0.000000000,0.000000000,0.105635777
5,SCAN_Q_MITP,mitp,q,-8.099997,V,4.499996,-8.099997,2.799998,onboard,10,0.000000000,0.121115968,0.000000000,0.000000000,0.098694697
5,SCAN_Q_MITP,mitp,q,-7.999997,V,4.499996,-7.999997,2.799998,onboard,10,0.000000000,0.116573334,0.000000000,0.000000000,0.091957785
5,SCAN_Q_MITP,mitp,q,-7.899997,V,4.499996,-7.899997,2.799998,onboard,10,0.000000000,0.111653566,0.000000000,0.000000000,0.085402235
5,SCAN_Q_MITP,mitp,q,-7.799997,V,4.499996,-7.799997,2.799998,onboard,10,0.000000000,0.107257620,0.000000000,0.000000000,0.079075478
5,SCAN_Q_MITP,mitp,q,-7.699997,V,4.499996,-7.699997,2.799998,onboard,10,0.000000000,0.102451861,0.000000000,0.000000000,0.073048182
5,SCAN_Q_MITP,mitp,q,-7.599997,V,4.499996,-7.599997,2.799998,onboard,10,0.000000000,0.097350515,0.000000000,0.000000000,0.067236938
5,SCAN_Q_MITP,mitp,q,-7.499997,V,4.499996,-7.499997,2.799998,onboard,10,0.000000000,0.092394158,0.000000000,0.000000000,0.061699204
5,SCAN_Q_MITP,mitp,q,-7.399997,V,4.499996,-7.399997,2.799998,onboard,10,0.000000000,0.087172583,0.000000000,0.000000000,0.056467365
5,SCAN_Q_MITP,mitp,q,-7.299997,V,4.499996,-7.299997,2.799998,onboard,10,0.000000000,0.082031228,0.000000000,0.000000000,0.051506877
5,SCAN_Q_MITP,mitp,q,-7.199997,V,4.499996,-7.199997,2.799998,onboard,10,0.000000000,0.076753333,0.000000000,0.000000000,0.046823561
5,SCAN_Q_MITP,mitp,q,-7.099998,V,4.499996,-7.099998,2.799998,onboard,10,0.000000000,0.071146943,0.000000000,0.000000000,0.042408891
5,SCAN_Q_MITP,mitp,q,-6.999998,V,4.499996,-6.999998,2.799998,onboard,10,0.000000000,0.065879062,0.000000000,0.000000000,0.038325794
5,SCAN_Q_MITP,mitp,q,-6.899998,V,4.499996,-6.899998,2.799998,onboard,10,0.000000000,0.060445618,0.000000000,0.000000000,0.034558639
5,SCAN_Q_MITP,mitp,q,-6.799998,V,4.499996,-6.799998,2.799998,onboard,10,0.000000000,0.054750931,0.000000000,0.000000000,0.031092498
5,SCAN_Q_MITP,mitp,q,-6.699998,V,4.499996,-6.699998,2.799998,onboard,10,0.000000000,0.049258187,0.000000000,0.000000000,0.027944380
5,SCAN_Q_MITP,mitp,q,-6.599998,V,4.499996,-6.599998,2.799998,onboard,10,0.000000000,0.043692727,0.000000000,0.000000000,0.025129858
5,SCAN_Q_MITP,mitp,q,-6.499998,V,4.499996,-6.499998,2.799998,onboard,10,0.000000000,0.037966497,0.000000000,0.000000000,0.022615716
5,SCAN_Q_MITP,mitp,q,-6.399998,V,4.499996,-6.399998,2.799998,onboard,10,0.000000000,0.032349020,0.000000000,0.000000000,0.020403584
5,SCAN_Q_MITP,mitp,q,-6.299998,V,4.499996,-6.299998,2.799998,onboard,10,0.000000000,0.026712781,0.000000000,0.000000000,0.018540505
5,SCAN_Q_MITP,mitp,q,-6.199998,V,4.499996,-6.199998,2.799998,onboard,10,0.000000000,0.020991761,0.000000000,0.000000000,0.017019905
5,SCAN_Q_MITP,mitp,q,-6.099998,V,4.499996,-6.099998,2.799998,onboard,10,0.000000000,0.015317182,0.000000000,0.000000000,0.015802044
5,SCAN_Q_MITP,mitp,q,-5.999999,V,4.499996,-5.999999,2.799998,onboard,10,0.000000000,0.009679666,0.000000000,0.000000000,0.014920128
5,SCAN_Q_MITP,mitp,q,-5.899999,V,4.499996,-5.899999,2.799998,onboard,10,0.000000000,0.004049265,0.000000000,0.000000000,0.014368263
5,SCAN_Q_MITP,mitp,q,-5.799999,V,4.499996,-5.799999,2.799998,onboard,10,0.000000000,0.001530038,0.000000000,0.000000000,0.014134072
5,SCAN_Q_MITP,mitp,q,-5.699999,V,4.499996,-5.699999,2.799998,onboard,10,0.000000000,0.007063041,0.000000000,0.000000000,0.014236391
5,SCAN_Q_MITP,mitp,q,-5.599999,V,4.499996,-5.599999,2.799998,onboard,10,0.000000000,0.012587490,0.000000000,0.000000000,0.014665226
5,SCAN_Q_MITP,mitp,q,-5.499999,V,4.499996,-5.499999,2.799998,onboard,10,0.000000000,0.017970186,0.000000000,0.000000000,0.015369236
5,SCAN_Q_MITP,mitp,q,-5.399999,V,4.499996,-5.399999,2.799998,onboard,10,0.000000000,0.023322033,0.000000000,0.000000000,0.016411776
5,SCAN_Q_MITP,mitp,q,-5.299999,V,4.499996,-5.299999,2.799998,onboard,10,0.000000000,0.028680492,0.000000000,0.000000000,0.017777426
5,SCAN_Q_MITP,mitp,q,-5.199999,V,4.499996,-5.199999,2.799998,onboard,10,0.000000000,0.033876102,0.000000000,0.000000000,0.019438174
5,SCAN_Q_MITP,mitp,q,-5.099999,V,4.499996,-5.099999,2.799998,onboard,10,0.000000000,0.039088994,0.000000000,0.000000000,0.021438044
5,SCAN_Q_MITP,mitp,q,-5.000000,V,4.499996,-5.000000,2.799998,onboard,10,0.000000000,0.044111215,0.000000000,0.000000000,0.023737703
5,SCAN_Q_MITP,mitp,q,-4.900000,V,4.499996,-4.900000,2.799998,onboard,10,0.000000000,0.049016189,0.000000000,0.000000000,0.026302349
5,SCAN_Q_MITP,mitp,q,-4.800000,V,4.499996,-4.800000,2.799998,onboard,10,0.000000000,0.053890705,0.000000000,0.000000000,0.029152507
5,SCAN_Q_MITP,mitp,q,-4.700000,V,4.499996,-4.700000,2.799998,onboard,10,0.000000000,0.058576711,0.000000000,0.000000000,0.032268625
5,SCAN_Q_MITP,mitp,q,-4.600000,V,4.499996,-4.600000,2.799998,onboard,10,0.000000000,0.063051030,0.000000000,0.000000000,0.035664894
5,SCAN_Q_MITP,mitp,q,-4.500000,V,4.499996,-4.500000,2.799998,onboard,10,0.000000000,0.067672983,0.000000000,0.000000000,0.039347243
5,SCAN_Q_MITP,mitp,q,-4.400000,V,4.499996,-4.400000,2.799998,onboard,10,0.000000000,0.072101220,0.000000000,0.000000000,0.043265797
5,SCAN_Q_MITP,mitp,q,-4.300000,V,4.499996,-4.300000,2.799998,onboard,10,0.000000000,0.076105542,0.000000000,0.000000000,0.047421671
5,SCAN_Q_MITP,mitp,q,-4.200000,V,4.499996,-4.200000,2.799998,onboard,10,0.000000000,0.080348797,0.000000000,0.000000000,0.051837005
5,SCAN_Q_MITP,mitp,q,-4.100000,V,4.499996,-4.100000,2.799998,onboard,10,0.000000000,0.084330663,0.000000000,0.000000000,0.056542777
5,SCAN_Q_MITP,mitp,q,-4.000000,V,4.499996,-4.000000,2.799998,onboard,10,0.000000000,0.087965965,0.000000000,0.000000000,0.061421640
5,SCAN_Q_MITP,mitp,q,-3.900001,V,4.499996,-3.900001,2.799998,onboard,10,0.000000000,0.091701843,0.000000000,0.000000000,0.066506885
5,SCAN_Q_MITP,mitp,q,-3.800001,V,4.499996,-3.800001,2.799998,onboard,10,0.000000000,0.095285676,0.000000000,0.000000000,0.071818665
5,SCAN_Q_MITP,mitp,q,-3.700001,V,4.499996,-3.700001,2.799998,onboard,10,0.000000000,0.098423421,0.000000000,0.000000000,0.077338085
5,SCAN_Q_MITP,mitp,q,-3.600001,V,4.499996,-3.600001,2.799998,onboard,10,0.000000000,0.101460077,0.000000000,0.000000000,0.083019018
5,SCAN_Q_MITP,mitp,q,-3.500001,V,4.499996,-3.500001,2.799998,onboard,10,0.000000000,0.104306400,0.000000000,0.000000000,0.088940285
5,SCAN_Q_MITP,mitp,q,-3.400001,V,4.499996,-3.400001,2.799998,onboard,10,0.000000000,0.107245229,0.000000000,0.000000000,0.095008597
5,SCAN_Q_MITP,mitp,q,-3.300001,V,4.499996,-3.300001,2.799998,onboard,10,0.000000000,0.109827414,0.000000000,0.000000000,0.101263642
5,SCAN_Q_MITP,mitp,q,-3.200001,V,4.499996,-3.200001,2.799998,onboard,10,0.000000000,0.111961879,0.000000000,0.000000000,0.107632160
5,SCAN_Q_MITP,mitp,q,-3.100001,V,4.499996,-3.100001,2.799998,onboard,10,0.000000000,0.114403747,0.000000000,0.000000000,0.114115141
5,SCAN_Q_MITP,mitp,q,-3.000001,V,4.499996,-3.000001,2.799998,onboard,10,0.000000000,0.116293594,0.000000000,0.000000000,0.120654538
5,SCAN_Q_MITP,mitp,q,-2.900002,V,4.499996,-2.900002,2.799998,onboard,10,0.000000000,0.117958941,0.000000000,0.000000000,0.127464309
5,SCAN_Q_MITP,mitp,q,-2.800002,V,4.499996,-2.800002,2.799998,onboard,10,0.000000000,0.119806066,0.000000000,0.000000000,0.134245336
5,SCAN_Q_MITP,mitp,q,-2.700002,V,4.499996,-2.700002,2.799998,onboard,10,0.000000000,0.121178530,0.000000000,0.000000000,0.141106650
5,SCAN_Q_MITP,mitp,q,-2.600002,V,4.499996,-2.600002,2.799998,onboard,10,0.000000000,0.122520432,0.000000000,0.000000000,0.148201779
5,SCAN_Q_MITP,mitp,q,-2.500002,V,4.499996,-2.500002,2.799998,onboard,10,0.000000000,0.123521291,0.000000000,0.000000000,0.155321345
5,SCAN_Q_MITP,mitp,q,-2.400002,V,4.499996,-2.400002,2.799998,onboard,10,0.000000000,0.124087647,0.000000000,0.000000000,0.162431315
5,SCAN_Q_MITP,mitp,q,-2.300002,V,4.499996,-2.300002,2.799998,onboard,10,0.000000000,0.124742076,0.000000000,0.000000000,0.169526324
5,SCAN_Q_MITP,mitp,q,-2.200002,V,4.499996,-2.200002,2.799998,onboard,10,0.000000000,0.125030503,0.000000000,0.000000000,0.176612452
5,SCAN_Q_MITP,mitp,q,-2.100002,V,4.499996,-2.100002,2.799998,onboard,10,0.000000000,0.124846384,0.000000000,0.000000000,0.183830008
5,SCAN_Q_MITP,mitp,q,-2.000002,V,4.499996,-2.000002,2.799998,onboard,10,0.000000000,0.125186875,0.000000000,0.000000000,0.191144362
5,SCAN_Q_MITP,mitp,q,-1.900002,V,4.499996,-1.900002,2.799998,onboard,10,0.000000000,0.125066787,0.000000000,0.000000000,0.198357731
5,SCAN_Q_MITP,mitp,q,-1.800002,V,4.499996,-1.800002,2.799998,onboard,10,0.000000000,0.124376878,0.000000000,0.000000000,0.205542326
5,SCAN_Q_MITP,mitp,q,-1.700002,V,4.499996,-1.700002,2.799998,onboard,10,0.000000000,0.124007963,0.000000000,0.000000000,0.212672159
5,SCAN_Q_MITP,mitp,q,-1.600002,V,4.499996,-1.600002,2.799998,onboard,10,0.000000000,0.123249508,0.000000000,0.000000000,0.219784334
5,SCAN_Q_MITP,mitp,q,-1.500002,V,4.499996,-1.500002,2.799998,onboard,10,0.000000000,0.122083426,0.000000000,0.000000000,0.226898640
5,SCAN_Q_MITP,mitp,q,-1.400002,V,4.499996,-1.400002,2.799998,onboard,10,0.000000000,0.121043608,0.000000000,0.000000000,0.233892038
5,SCAN_Q_MITP,mitp,q,-1.300002,V,4.499996,-1.300002,2.799998,onboard,10,0.000000000,0.119829930,0.000000000,0.000000000,0.240860313
5,SCAN_Q_MITP,mitp,q,-1.200002,V,4.499996,-1.200002,2.799998,onboard,10,0.000000000,0.118032873,0.000000000,0.000000000,0.247708246
5,SCAN_Q_MITP,mitp,q,-1.100002,V,4.499996,-1.100002,2.799998,onboard,10,0.000000000,0.116010047,0.000000000,0.000000000,0.254224807
5,SCAN_Q_MITP,mitp,q,-1.000002,V,4.499996,-1.000002,2.799998,onboard,10,0.000000000,0.114042342,0.000000000,0.000000000,0.260973036
5,SCAN_Q_MITP,mitp,q,-0.900002,V,4.499996,-0.900002,2.799998,onboard,10,0.000000000,0.112034157,0.000000000,0.000000000,0.267452031
5,SCAN_Q_MITP,mitp,q,-0.800002,V,4.499996,-0.800002,2.799998,onboard,10,0.000000000,0.109706983,0.000000000,0.000000000,0.273732364
5,SCAN_Q_MITP,mitp,q,-0.700002,V,4.499996,-0.700002,2.799998,onboard,10,0.000000000,0.107008711,0.000000000,0.000000000,0.280101478
5,SCAN_Q_MITP,mitp,q,-0.600002,V,4.499996,-0.600002,2.799998,onboard,10,0.000000000,0.104509547,0.000000000,0.000000000,0.286074132
5,SCAN_Q_MITP,mitp,q,-0.500002,V,4.499996,-0.500002,2.799998,onboard,10,0.000000000,0.101789698,0.000000000,0.000000000,0.292061538
5,SCAN_Q_MITP,mitp,q,-0.400002,V,4.499996,-0.400002,2.799998,onboard,10,0.000000000,0.098585337,0.000000000,0.000000000,0.297843397
5,SCAN_Q_MITP,mitp,q,-0.300002,V,4.499996,-0.300002,2.799998,onboard,10,0.000000000,0.095604867,0.000000000,0.000000000,0.303204954
5,SCAN_Q_MITP,mitp,q,-0.200002,V,4.499996,-0.200002,2.799998,onboard,10,0.000000000,0.092436008,0.000000000,0.000000000,0.308510095
5,SCAN_Q_MITP,mitp,q,-0.100002,V,4.499996,-0.100002,2.799998,onboard,10,0.000000000,0.088927627,0.000000000,0.000000000,0.313801587
5,SCAN_Q_MITP,mitp,q,-0.000002,V,4.499996,-0.000002,2.799998,onboard,10,0.000000000,0.085476086,0.000000000,0.000000000,0.318764448
5,SCAN_Q_MITP,mitp,q,0.099998,V,4.499996,0.099998,2.799998,onboard,10,0.000000000,0.081641629,0.000000000,0.000000000,0.323315203
5,SCAN_Q_MITP,mitp,q,0.199998,V,4.499996,0.199998,2.799998,onboard,10,0.000000000,0.077860214,0.000000000,0.000000000,0.327758729
5,SCAN_Q_MITP,mitp,q,0.299998,V,4.499996,0.299998,2.799998,onboard,10,0.000000000,0.074083500,0.000000000,0.000000000,0.332117736
5,SCAN_Q_MITP,mitp,q,0.399998,V,4.499996,0.399998,2.799998,onboard,10,0.000000000,0.069864862,0.000000000,0.000000000,0.336327881
5,SCAN_Q_MITP,mitp,q,0.499998,V,4.499996,0.499998,2.799998,onboard,10,0.000000000,0.065756872,0.000000000,0.000000000,0.339885563
5,SCAN_Q_MITP,mitp,q,0.599998,V,4.499996,0.599998,2.799998,onboard,10,0.000000000,0.061619796,0.000000000,0.000000000,0.343469441
5,SCAN_Q_MITP,mitp,q,0.699998,V,4.499996,0.699998,2.799998,onboard,10,0.000000000,0.057119966,0.000000000,0.000000000,0.346664310
5,SCAN_Q_MITP,mitp,q,0.799998,V,4.499996,0.799998,2.799998,onboard,10,0.000000000,0.052867126,0.000000000,0.000000000,0.349809796
5,SCAN_Q_MITP,mitp,q,0.899998,V,4.499996,0.899998,2.799998,onboard,10,0.000000000,0.048402105,0.000000000,0.000000000,0.352628529
5,SCAN_Q_MITP,mitp,q,0.999998,V,4.499996,0.999998,2.799998,onboard,10,0.000000000,0.043800164,0.000000000,0.000000000,0.354984462
5,SCAN_Q_MITP,mitp,q,1.099998,V,4.499996,1.099998,2.799998,onboard,10,0.000000000,0.039272550,0.000000000,0.000000000,0.357301325
5,SCAN_Q_MITP,mitp,q,1.199998,V,4.499996,1.199998,2.799998,onboard,10,0.000000000,0.034635492,0.000000000,0.000000000,0.359174103
5,SCAN_Q_MITP,mitp,q,1.299998,V,4.499996,1.299998,2.799998,onboard,10,0.000000000,0.029860657,0.000000000,0.000000000,0.360696912
5,SCAN_Q_MITP,mitp,q,1.399998,V,4.499996,1.399998,2.799998,onboard,10,0.000000000,0.025104102,0.000000000,0.000000000,0.362132698
5,SCAN_Q_MITP,mitp,q,1.499998,V,4.499996,1.499998,2.799998,onboard,10,0.000000000,0.020328980,0.000000000,0.000000000,0.363236338
5,SCAN_Q_MITP,mitp,q,1.599998,V,4.499996,1.599998,2.799998,onboard,10,0.000000000,0.015548402,0.000000000,0.000000000,0.363990694
5,SCAN_Q_MITP,mitp,q,1.699998,V,4.499996,1.699998,2.799998,onboard,10,0.000000000,0.010774674,0.000000000,0.000000000,0.364365935
5,SCAN_Q_MITP,mitp,q,1.799998,V,4.499996,1.799998,2.799998,onboard,10,0.000000000,0.006027095,0.000000000,0.000000000,0.364267349
5,SCAN_Q_MITP,mitp,q,1.899998,V,4.499996,1.899998,2.799998,onboard,10,0.000000000,0.001909013,0.000000000,0.000000000,0.364383429
5,SCAN_Q_MITP,mitp,q,1.999998,V,4.499996,1.999998,2.799998,onboard,10,0.000000000,0.004159718,0.000000000,0.000000000,0.364091069
5,SCAN_Q_MITP,mitp,q,2.099998,V,4.499996,2.099998,2.799998,onboard,10,0.000000000,0.008801300,0.000000000,0.000000000,0.363637775
5,SCAN_Q_MITP,mitp,q,2.199998,V,4.499996,2.199998,2.799998,onboard,10,0.000000000,0.013554852,0.000000000,0.000000000,0.362465501
5,SCAN_Q_MITP,mitp,q,2.299998,V,4.499996,2.299998,2.799998,onboard,10,0.000000000,0.018280599,0.000000000,0.000000000,0.361110955
5,SCAN_Q_MITP,mitp,q,2.399998,V,4.499996,2.399998,2.799998,onboard,10,0.000000000,0.022983070,0.000000000,0.000000000,0.359506667
5,SCAN_Q_MITP,mitp,q,2.499998,V,4.499996,2.499998,2.799998,onboard,10,0.000000000,0.027598644,0.000000000,0.000000000,0.357561767
5,SCAN_Q_MITP,mitp,q,2.599998,V,4.499996,2.599998,2.799998,onboard,10,0.000000000,0.032206777,0.000000000,0.000000000,0.355472386
5,SCAN_Q_MITP,mitp,q,2.699998,V,4.499996,2.699998,2.799998,onboard,10,0.000000000,0.036790282,0.000000000,0.000000000,0.353085726
5,SCAN_Q_MITP,mitp,q,2.799998,V,4.499996,2.799998,2.799998,onboard,10,0.000000000,0.041249245,0.000000000,0.000000000,0.350480020
5,SCAN_Q_MITP,mitp,q,2.899997,V,4.499996,2.899997,2.799998,onboard,10,0.000000000,0.045598857,0.000000000,0.000000000,0.347657144
5,SCAN_Q_MITP,mitp,q,2.999997,V,4.499996,2.999997,2.799998,onboard,10,0.000000000,0.049983088,0.000000000,0.000000000,0.344378322
5,SCAN_Q_MITP,mitp,q,3.099997,V,4.499996,3.099997,2.799998,onboard,10,0.000000000,0.054205894,0.000000000,0.000000000,0.340984285
5,SCAN_Q_MITP,mitp,q,3.199997,V,4.499996,3.199997,2.799998,onboard,10,0.000000000,0.058263499,0.000000000,0.000000000,0.337233543
5,SCAN_Q_MITP,mitp,q,3.299997,V,4.499996,3.299997,2.799998,onboard,10,0.000000000,0.062358908,0.000000000,0.000000000,0.333120257
5,SCAN_Q_MITP,mitp,q,3.399997,V,4.499996,3.399997,2.799998,onboard,10,0.000000000,0.066308238,0.000000000,0.000000000,0.329000890
5,SCAN_Q_MITP,mitp,q,3.499997,V,4.499996,3.499997,2.799998,onboard,10,0.000000000,0.070042893,0.000000000,0.000000000,0.324651003
5,SCAN_Q_MITP,mitp,q,3.599997,V,4.499996,3.599997,2.799998,onboard,10,0.000000000,0.073808476,0.000000000,0.000000000,0.319733620
5,SCAN_Q_MITP,mitp,q,3.699997,V,4.499996,3.699997,2.799998,onboard,10,0.000000000,0.077522144,0.000000000,0.000000000,0.315126806
5,SCAN_Q_MITP,mitp,q,3.799997,V,4.499996,3.799997,2.799998,onboard,10,0.000000000,0.080858387,0.000000000,0.000000000,0.310027361
5,SCAN_Q_MITP,mitp,q,3.899997,V,4.499996,3.899997,2.799998,onboard,10,0.000000000,0.083878718,0.000000000,0.000000000,0.304553151
5,SCAN_Q_MITP,mitp,q,3.999996,V,4.499996,3.999996,2.799998,onboard,10,0.000000000,0.086908922,0.000000000,0.000000000,0.299081862
5,SCAN_Q_MITP,mitp,q,4.099997,V,4.499996,4.099997,2.799998,onboard,10,0.000000000,0.090094015,0.000000000,0.000000000,0.293522984
5,SCAN_Q_MITP,mitp,q,4.199996,V,4.499996,4.199996,2.799998,onboard,10,0.000000000,0.092888407,0.000000000,0.000000000,0.287596256
5,SCAN_Q_MITP,mitp,q,4.299996,V,4.499996,4.299996,2.799998,onboard,10,0.000000000,0.095345534,0.000000000,0.000000000,0.281639546
5,SCAN_Q_MITP,mitp,q,4.399996,V,4.499996,4.399996,2.799998,onboard,10,0.000000000,0.098072097,0.000000000,0.000000000,0.275485307
5,SCAN_Q_MITP,mitp,q,4.499996,V,4.499996,4.499996,2.799998,onboard,10,0.000000000,0.100282945,0.000000000,0.000000000,0.269240618
5,SCAN_Q_MITP,mitp,q,4.599996,V,4.499996,4.599996,2.799998,onboard,10,0.000000000,0.102279805,0.000000000,0.000000000,0.262807786
5,SCAN_Q_MITP,mitp,q,4.699996,V,4.499996,4.699996,2.799998,onboard,10,0.000000000,0.104452923,0.000000000,0.000000000,0.256091744
5,SCAN_Q_MITP,mitp,q,4.799996,V,4.499996,4.799996,2.799998,onboard,10,0.000000000,0.106185138,0.000000000,0.000000000,0.249425843
5,SCAN_Q_MITP,mitp,q,4.899996,V,4.499996,4.899996,2.799998,onboard,10,0.000000000,0.107615367,0.000000000,0.000000000,0.242662355
5,SCAN_Q_MITP,mitp,q,4.999996,V,4.499996,4.999996,2.799998,onboard,10,0.000000000,0.109069601,0.000000000,0.000000000,0.235839084
5,SCAN_Q_MITP,mitp,q,5.099996,V,4.499996,5.099996,2.799998,onboard,10,0.000000000,0.110324897,0.000000000,0.000000000,0.228951365
5,SCAN_Q_MITP,mitp,q,5.199996,V,4.499996,5.199996,2.799998,onboard,10,0.000000000,0.111499920,0.000000000,0.000000000,0.221906617
5,SCAN_Q_MITP,mitp,q,5.299995,V,4.499996,5.299995,2.799998,onboard,10,0.000000000,0.112324856,0.000000000,0.000000000,0.214814499
5,SCAN_Q_MITP,mitp,q,5.399995,V,4.499996,5.399995,2.799998,onboard,10,0.000000000,0.112737633,0.000000000,0.000000000,0.207740158
5,SCAN_Q_MITP,mitp,q,5.499995,V,4.499996,5.499995,2.799998,onboard,10,0.000000000,0.113347255,0.000000000,0.000000000,0.200542927
5,SCAN_Q_MITP,mitp,q,5.599995,V,4.499996,5.599995,2.799998,onboard,10,0.000000000,0.113737166,0.000000000,0.000000000,0.193464577
5,SCAN_Q_MITP,mitp,q,5.699995,V,4.499996,5.699995,2.799998,onboard,10,0.000000000,0.113568150,0.000000000,0.000000000,0.186260790
5,SCAN_Q_MITP,mitp,q,5.799995,V,4.499996,5.799995,2.799998,onboard,10,0.000000000,0.113597296,0.000000000,0.000000000,0.179029390
5,SCAN_Q_MITP,mitp,q,5.899995,V,4.499996,5.899995,2.799998,onboard,10,0.000000000,0.113289975,0.000000000,0.000000000,0.171968713
5,SCAN_Q_MITP,mitp,q,5.999995,V,4.499996,5.999995,2.799998,onboard,10,0.000000000,0.112558283,0.000000000,0.000000000,0.164739713
5,SCAN_Q_MITP,mitp,q,6.099995,V,4.499996,6.099995,2.799998,onboard,10,0.000000000,0.111889742,0.000000000,0.000000000,0.157499388
5,SCAN_Q_MITP,mitp,q,6.199995,V,4.499996,6.199995,2.799998,onboard,10,0.000000000,0.111176386,0.000000000,0.000000000,0.150621191
5,SCAN_Q_MITP,mitp,q,6.299994,V,4.499996,6.299994,2.799998,onboard,10,0.000000000,0.110027812,0.000000000,0.000000000,0.143541068
5,SCAN_Q_MITP,mitp,q,6.399994,V,4.499996,6.399994,2.799998,onboard,10,0.000000000,0.108674273,0.000000000,0.000000000,0.136681721
5,SCAN_Q_MITP,mitp,q,6.499994,V,4.499996,6.499994,2.799998,onboard,10,0.000000000,0.106941834,0.000000000,0.000000000,0.129868820
5,SCAN_Q_MITP,mitp,q,6.599994,V,4.499996,6.599994,2.799998,onboard,10,0.000000000,0.105596282,0.000000000,0.000000000,0.123206817
5,SCAN_Q_MITP,mitp,q,6.699994,V,4.499996,6.699994,2.799998,onboard,10,0.000000000,0.103630796,0.000000000,0.000000000,0.116646588
5,SCAN_Q_MITP,mitp,q,6.799994,V,4.499996,6.799994,2.799998,onboard,10,0.000000000,0.101185836,0.000000000,0.000000000,0.110114895
5,SCAN_Q_MITP,mitp,q,6.899994,V,4.499996,6.899994,2.799998,onboard,10,0.000000000,0.099207669,0.000000000,0.000000000,0.103720114
5,SCAN_Q_MITP,mitp,q,6.999994,V,4.499996,6.999994,2.799998,onboard,10,0.000000000,0.096738212,0.000000000,0.000000000,0.097510323
5,SCAN_Q_MITP,mitp,q,7.099994,V,4.499996,7.099994,2.799998,onboard,10,0.000000000,0.093960673,0.000000000,0.000000000,0.091487318
5,SCAN_Q_MITP,mitp,q,7.199994,V,4.499996,7.199994,2.799998,onboard,10,0.000000000,0.091407210,0.000000000,0.000000000,0.085623771
5,SCAN_Q_MITP,mitp,q,7.299994,V,4.499996,7.299994,2.799998,onboard,10,0.000000000,0.088437460,0.000000000,0.000000000,0.079887114
5,SCAN_Q_MITP,mitp,q,7.399993,V,4.499996,7.399993,2.799998,onboard,10,0.000000000,0.085225910,0.000000000,0.000000000,0.074320540
5,SCAN_Q_MITP,mitp,q,7.499993,V,4.499996,7.499993,2.799998,onboard,10,0.000000000,0.081982024,0.000000000,0.000000000,0.069026753
5,SCAN_Q_MITP,mitp,q,7.599993,V,4.499996,7.599993,2.799998,onboard,10,0.000000000,0.078540586,0.000000000,0.000000000,0.063907616
5,SCAN_Q_MITP,mitp,q,7.699993,V,4.499996,7.699993,2.799998,onboard,10,0.000000000,0.074961618,0.000000000,0.000000000,0.058917783
5,SCAN_Q_MITP,mitp,q,7.799993,V,4.499996,7.799993,2.799998,onboard,10,0.000000000,0.071278788,0.000000000,0.000000000,0.054260671
5,SCAN_Q_MITP,mitp,q,7.899993,V,4.499996,7.899993,2.799998,onboard,10,0.000000000,0.067241028,0.000000000,0.000000000,0.049870718
5,SCAN_Q_MITP,mitp,q,7.999993,V,4.499996,7.999993,2.799998,onboard,10,0.000000000,0.063352719,0.000000000,0.000000000,0.045673721
5,SCAN_Q_MITP,mitp,q,8.099993,V,4.499996,8.099993,2.799998,onboard,10,0.000000000,0.059302218,0.000000000,0.000000000,0.041724373
5,SCAN_Q_MITP,mitp,q,8.199993,V,4.499996,8.199993,2.799998,onboard,10,0.000000000,0.054944478,0.000000000,0.000000000,0.038013201
5,SCAN_Q_MITP,mitp,q,8.299994,V,4.499996,8.299994,2.799998,onboard,10,0.000000000,0.050689578,0.000000000,0.000000000,0.034572471
5,SCAN_Q_MITP,mitp,q,8.399994,V,4.499996,8.399994,2.799998,onboard,10,0.000000000,0.046273809,0.000000000,0.000000000,0.031423163
5,SCAN_Q_MITP,mitp,q,8.499994,V,4.499996,8.499994,2.799998,onboard,10,0.000000000,0.041608252,0.000000000,0.000000000,0.028539514
5,SCAN_Q_MITP,mitp,q,8.599995,V,4.499996,8.599995,2.799998,onboard,10,0.000000000,0.037049159,0.000000000,0.000000000,0.025949126
5,SCAN_Q_MITP,mitp,q,8.699995,V,4.499996,8.699995,2.799998,onboard,10,0.000000000,0.032334745,0.000000000,0.000000000,0.023651110
5,SCAN_Q_MITP,mitp,q,8.799995,V,4.499996,8.799995,2.799998,onboard,10,0.000000000,0.027471859,0.000000000,0.000000000,0.021647085
5,SCAN_Q_MITP,mitp,q,8.899996,V,4.499996,8.899996,2.799998,onboard,10,0.000000000,0.022571709,0.000000000,0.000000000,0.019959450
5,SCAN_Q_MITP,mitp,q,8.999996,V,4.499996,8.999996,2.799998,onboard,10,0.000000000,0.017609378,0.000000000,0.000000000,0.018569173
6,FINE_SCAN_P_WIDE,qtp,p,0.799998,V,4.499996,-5.799999,0.799998,onboard,10,0.000000000,0.000000000,0.000000000,0.000605775,0.033379164
6,FINE_SCAN_P_WIDE,qtp,p,0.849998,V,4.499996,-5.799999,0.849998,onboard,10,0.000000000,0.000000000,0.000000000,0.000489142,0.037817203
6,FINE_SCAN_P_WIDE,qtp,p,0.899998,V,4.499996,-5.799999,0.899998,onboard,10,0.000000000,0.000000000,0.000000000,0.000533842,0.036966361
6,FINE_SCAN_P_WIDE,qtp,p,0.949998,V,4.499996,-5.799999,0.949998,onboard,10,0.000000000,0.000000000,0.000000000,0.000421600,0.035992138
6,FINE_SCAN_P_WIDE,qtp,p,0.999998,V,4.499996,-5.799999,0.999998,onboard,10,0.000000000,0.000000000,0.000000000,0.000409752,0.035080552
6,FINE_SCAN_P_WIDE,qtp,p,1.049998,V,4.499996,-5.799999,1.049998,onboard,10,0.000000000,0.000000000,0.000000000,0.000354718,0.034197535
6,FINE_SCAN_P_WIDE,qtp,p,1.099998,V,4.499996,-5.799999,1.099998,onboard,10,0.000000000,0.000000000,0.000000000,0.000329093,0.033357456
6,FINE_SCAN_P_WIDE,qtp,p,1.149997,V,4.499996,-5.799999,1.149997,onboard,10,0.000000000,0.000000000,0.000000000,0.000345873,0.032581598
6,FINE_SCAN_P_WIDE,qtp,p,1.199997,V,4.499996,-5.799999,1.199997,onboard,10,0.000000000,0.000000000,0.000000000,0.000243821,0.031803660
6,FINE_SCAN_P_WIDE,qtp,p,1.249997,V,4.499996,-5.799999,1.249997,onboard,10,0.000000000,0.000000000,0.000000000,0.000236297,0.031038305
6,FINE_SCAN_P_WIDE,qtp,p,1.299997,V,4.499996,-5.799999,1.299997,onboard,10,0.000000000,0.000000000,0.000000000,0.000194330,0.030302012
6,FINE_SCAN_P_WIDE,qtp,p,1.349997,V,4.499996,-5.799999,1.349997,onboard,10,0.000000000,0.000000000,0.000000000,0.000158904,0.029564401
6,FINE_SCAN_P_WIDE,qtp,p,1.399997,V,4.499996,-5.799999,1.399997,onboard,10,0.000000000,0.000000000,0.000000000,0.000170679,0.028855989
6,FINE_SCAN_P_WIDE,qtp,p,1.449997,V,4.499996,-5.799999,1.449997,onboard,10,0.000000000,0.000000000,0.000000000,0.000105163,0.028155129
6,FINE_SCAN_P_WIDE,qtp,p,1.499997,V,4.499996,-5.799999,1.499997,onboard,10,0.000000000,0.000000000,0.000000000,0.000080404,0.027455676
6,FINE_SCAN_P_WIDE,qtp,p,1.549997,V,4.499996,-5.799999,1.549997,onboard,10,0.000000000,0.000000000,0.000000000,0.000085644,0.026790861
6,FINE_SCAN_P_WIDE,qtp,p,1.599997,V,4.499996,-5.799999,1.599997,onboard,10,0.000000000,0.000000000,0.000000000,0.000093616,0.026150471
6,FINE_SCAN_P_WIDE,qtp,p,1.649997,V,4.499996,-5.799999,1.649997,onboard,10,0.000000000,0.000000000,0.000000000,0.000103341,0.025484120
6,FINE_SCAN_P_WIDE,qtp,p,1.699997,V,4.499996,-5.799999,1.699997,onboard,10,0.000000000,0.000000000,0.000000000,0.000147392,0.024849106
6,FINE_SCAN_P_WIDE,qtp,p,1.749997,V,4.499996,-5.799999,1.749997,onboard,10,0.000000000,0.000000000,0.000000000,0.000157768,0.024214139
6,FINE_SCAN_P_WIDE,qtp,p,1.799997,V,4.499996,-5.799999,1.799997,onboard,10,0.000000000,0.000000000,0.000000000,0.000205300,0.023575682
6,FINE_SCAN_P_WIDE,qtp,p,1.849997,V,4.499996,-5.799999,1.849997,onboard,10,0.000000000,0.000000000,0.000000000,0.000252101,0.022987802
6,FINE_SCAN_P_WIDE,qtp,p,1.899997,V,4.499996,-5.799999,1.899997,onboard,10,0.000000000,0.000000000,0.000000000,0.000236917,0.022390375
6,FINE_SCAN_P_WIDE,qtp,p,1.949997,V,4.499996,-5.799999,1.949997,onboard,10,0.000000000,0.000000000,0.000000000,0.000310053,0.021803256
6,FINE_SCAN_P_WIDE,qtp,p,1.999997,V,4.499996,-5.799999,1.999997,onboard,10,0.000000000,0.000000000,0.000000000,0.000335124,0.021205295
6,FINE_SCAN_P_WIDE,qtp,p,2.049997,V,4.499996,-5.799999,2.049997,onboard,10,0.000000000,0.000000000,0.000000000,0.000379274,0.020617526
6,FINE_SCAN_P_WIDE,qtp,p,2.099997,V,4.499996,-5.799999,2.099997,onboard,10,0.000000000,0.000000000,0.000000000,0.000419438,0.020069895
6,FINE_SCAN_P_WIDE,qtp,p,2.149997,V,4.499996,-5.799999,2.149997,onboard,10,0.000000000,0.000000000,0.000000000,0.000424697,0.019514378
6,FINE_SCAN_P_WIDE,qtp,p,2.199996,V,4.499996,-5.799999,2.199996,onboard,10,0.000000000,0.000000000,0.000000000,0.000487832,0.018953431
6,FINE_SCAN_P_WIDE,qtp,p,2.249996,V,4.499996,-5.799999,2.249996,onboard,10,0.000000000,0.000000000,0.000000000,0.000516177,0.018398169
6,FINE_SCAN_P_WIDE,qtp,p,2.299996,V,4.499996,-5.799999,2.299996,onboard,10,0.000000000,0.000000000,0.000000000,0.000565084,0.017854221
6,FINE_SCAN_P_WIDE,qtp,p,2.349996,V,4.499996,-5.799999,2.349996,onboard,10,0.000000000,0.000000000,0.000000000,0.000596235,0.017327730
6,FINE_SCAN_P_WIDE,qtp,p,2.399996,V,4.499996,-5.799999,2.399996,onboard,10,0.000000000,0.000000000,0.000000000,0.000608100,0.016807742
6,FINE_SCAN_P_WIDE,qtp,p,2.449996,V,4.499996,-5.799999,2.449996,onboard,10,0.000000000,0.000000000,0.000000000,0.000665814,0.016283322
6,FINE_SCAN_P_WIDE,qtp,p,2.499996,V,4.499996,-5.799999,2.499996,onboard,10,0.000000000,0.000000000,0.000000000,0.000692627,0.015774831
6,FINE_SCAN_P_WIDE,qtp,p,2.549996,V,4.499996,-5.799999,2.549996,onboard,10,0.000000000,0.000000000,0.000000000,0.000736896,0.015275982
6,FINE_SCAN_P_WIDE,qtp,p,2.599996,V,4.499996,-5.799999,2.599996,onboard,10,0.000000000,0.000000000,0.000000000,0.000768727,0.014773751
6,FINE_SCAN_P_WIDE,qtp,p,2.649996,V,4.499996,-5.799999,2.649996,onboard,10,0.000000000,0.000000000,0.000000000,0.000785179,0.014291152
6,FINE_SCAN_P_WIDE,qtp,p,2.699996,V,4.499996,-5.799999,2.699996,onboard,10,0.000000000,0.000000000,0.000000000,0.000832806,0.013823572
6,FINE_SCAN_P_WIDE,qtp,p,2.749996,V,4.499996,-5.799999,2.749996,onboard,10,0.000000000,0.000000000,0.000000000,0.000869060,0.013349617
6,FINE_SCAN_P_WIDE,qtp,p,2.799996,V,4.499996,-5.799999,2.799996,onboard,10,0.000000000,0.000000000,0.000000000,0.000906438,0.012903270
6,FINE_SCAN_P_WIDE,qtp,p,2.849996,V,4.499996,-5.799999,2.849996,onboard,10,0.000000000,0.000000000,0.000000000,0.000937750,0.012461422
6,FINE_SCAN_P_WIDE,qtp,p,2.899996,V,4.499996,-5.799999,2.899996,onboard,10,0.000000000,0.000000000,0.000000000,0.000955130,0.012009189
6,FINE_SCAN_P_WIDE,qtp,p,2.949996,V,4.499996,-5.799999,2.949996,onboard,10,0.000000000,0.000000000,0.000000000,0.000996968,0.011542471
6,FINE_SCAN_P_WIDE,qtp,p,2.999996,V,4.499996,-5.799999,2.999996,onboard,10,0.000000000,0.000000000,0.000000000,0.001038762,0.011117646
6,FINE_SCAN_P_WIDE,qtp,p,3.049996,V,4.499996,-5.799999,3.049996,onboard,10,0.000000000,0.000000000,0.000000000,0.001065183,0.010696447
6,FINE_SCAN_P_WIDE,qtp,p,3.099996,V,4.499996,-5.799999,3.099996,onboard,10,0.000000000,0.000000000,0.000000000,0.001094895,0.010288155
6,FINE_SCAN_P_WIDE,qtp,p,3.149996,V,4.499996,-5.799999,3.149996,onboard,10,0.000000000,0.000000000,0.000000000,0.001118553,0.009893523
6,FINE_SCAN_P_WIDE,qtp,p,3.199996,V,4.499996,-5.799999,3.199996,onboard,10,0.000000000,0.000000000,0.000000000,0.001153240,0.009498132
6,FINE_SCAN_P_WIDE,qtp,p,3.249995,V,4.499996,-5.799999,3.249995,onboard,10,0.000000000,0.000000000,0.000000000,0.001193583,0.009105092
6,FINE_SCAN_P_WIDE,qtp,p,3.299995,V,4.499996,-5.799999,3.299995,onboard,10,0.000000000,0.000000000,0.000000000,0.001225666,0.008738132
6,FINE_SCAN_P_WIDE,qtp,p,3.349995,V,4.499996,-5.799999,3.349995,onboard,10,0.000000000,0.000000000,0.000000000,0.001245009,0.008370912
6,FINE_SCAN_P_WIDE,qtp,p,3.399995,V,4.499996,-5.799999,3.399995,onboard,10,0.000000000,0.000000000,0.000000000,0.001269350,0.008001382
6,FINE_SCAN_P_WIDE,qtp,p,3.449995,V,4.499996,-5.799999,3.449995,onboard,10,0.000000000,0.000000000,0.000000000,0.001304896,0.007651578
6,FINE_SCAN_P_WIDE,qtp,p,3.499995,V,4.499996,-5.799999,3.499995,onboard,10,0.000000000,0.000000000,0.000000000,0.001340803,0.007305861
6,FINE_SCAN_P_WIDE,qtp,p,3.549995,V,4.499996,-5.799999,3.549995,onboard,10,0.000000000,0.000000000,0.000000000,0.001371445,0.006968351
6,FINE_SCAN_P_WIDE,qtp,p,3.599995,V,4.499996,-5.799999,3.599995,onboard,10,0.000000000,0.000000000,0.000000000,0.001386855,0.006664945
6,FINE_SCAN_P_WIDE,qtp,p,3.649995,V,4.499996,-5.799999,3.649995,onboard,10,0.000000000,0.000000000,0.000000000,0.001415757,0.006354136
6,FINE_SCAN_P_WIDE,qtp,p,3.699995,V,4.499996,-5.799999,3.699995,onboard,10,0.000000000,0.000000000,0.000000000,0.001441653,0.006045415
6,FINE_SCAN_P_WIDE,qtp,p,3.749995,V,4.499996,-5.799999,3.749995,onboard,10,0.000000000,0.000000000,0.000000000,0.001478925,0.005759927
6,FINE_SCAN_P_WIDE,qtp,p,3.799995,V,4.499996,-5.799999,3.799995,onboard,10,0.000000000,0.000000000,0.000000000,0.001501961,0.005470730
6,FINE_SCAN_P_WIDE,qtp,p,3.849995,V,4.499996,-5.799999,3.849995,onboard,10,0.000000000,0.000000000,0.000000000,0.001516400,0.005180334
6,FINE_SCAN_P_WIDE,qtp,p,3.899995,V,4.499996,-5.799999,3.899995,onboard,10,0.000000000,0.000000000,0.000000000,0.001550088,0.004909983
6,FINE_SCAN_P_WIDE,qtp,p,3.949995,V,4.499996,-5.799999,3.949995,onboard,10,0.000000000,0.000000000,0.000000000,0.001562813,0.004627547
6,FINE_SCAN_P_WIDE,qtp,p,3.999995,V,4.499996,-5.799999,3.999995,onboard,10,0.000000000,0.000000000,0.000000000,0.001604676,0.004354031
6,FINE_SCAN_P_WIDE,qtp,p,4.049995,V,4.499996,-5.799999,4.049995,onboard,10,0.000000000,0.000000000,0.000000000,0.001624595,0.004110829
6,FINE_SCAN_P_WIDE,qtp,p,4.099995,V,4.499996,-5.799999,4.099995,onboard,10,0.000000000,0.000000000,0.000000000,0.001634772,0.003892847
6,FINE_SCAN_P_WIDE,qtp,p,4.149995,V,4.499996,-5.799999,4.149995,onboard,10,0.000000000,0.000000000,0.000000000,0.001668340,0.003678124
6,FINE_SCAN_P_WIDE,qtp,p,4.199996,V,4.499996,-5.799999,4.199996,onboard,10,0.000000000,0.000000000,0.000000000,0.001677535,0.003469051
6,FINE_SCAN_P_WIDE,qtp,p,4.249996,V,4.499996,-5.799999,4.249996,onboard,10,0.000000000,0.000000000,0.000000000,0.001712824,0.003270678
6,FINE_SCAN_P_WIDE,qtp,p,4.299996,V,4.499996,-5.799999,4.299996,onboard,10,0.000000000,0.000000000,0.000000000,0.001733410,0.003078568
6,FINE_SCAN_P_WIDE,qtp,p,4.349996,V,4.499996,-5.799999,4.349996,onboard,10,0.000000000,0.000000000,0.000000000,0.001738788,0.002896924
6,FINE_SCAN_P_WIDE,qtp,p,4.399996,V,4.499996,-5.799999,4.399996,onboard,10,0.000000000,0.000000000,0.000000000,0.001771822,0.002717888
6,FINE_SCAN_P_WIDE,qtp,p,4.449996,V,4.499996,-5.799999,4.449996,onboard,10,0.000000000,0.000000000,0.000000000,0.001776998,0.002543574
6,FINE_SCAN_P_WIDE,qtp,p,4.499997,V,4.499996,-5.799999,4.499997,onboard,10,0.000000000,0.000000000,0.000000000,0.001814018,0.002392428
6,FINE_SCAN_P_WIDE,qtp,p,4.549997,V,4.499996,-5.799999,4.549997,onboard,10,0.000000000,0.000000000,0.000000000,0.001825327,0.002249570
6,FINE_SCAN_P_WIDE,qtp,p,4.599997,V,4.499996,-5.799999,4.599997,onboard,10,0.000000000,0.000000000,0.000000000,0.001829027,0.002113462
6,FINE_SCAN_P_WIDE,qtp,p,4.649997,V,4.499996,-5.799999,4.649997,onboard,10,0.000000000,0.000000000,0.000000000,0.001858529,0.001985242
6,FINE_SCAN_P_WIDE,qtp,p,4.699997,V,4.499996,-5.799999,4.699997,onboard,10,0.000000000,0.000000000,0.000000000,0.001856881,0.001857401
6,FINE_SCAN_P_WIDE,qtp,p,4.749998,V,4.499996,-5.799999,4.749998,onboard,10,0.000000000,0.000000000,0.000000000,0.001890696,0.001749181
6,FINE_SCAN_P_WIDE,qtp,p,4.799998,V,4.499996,-5.799999,4.799998,onboard,10,0.000000000,0.000000000,0.000000000,0.001901724,0.001613946
7,FINE_SCAN_P_FINE,qtp,p,0.899997,V,4.499996,-5.799999,0.899997,onboard,10,0.000000000,0.000000000,0.000000000,0.000528519,0.023488715
7,FINE_SCAN_P_FINE,qtp,p,0.909997,V,4.499996,-5.799999,0.909997,onboard,10,0.000000000,0.000000000,0.000000000,0.000398327,0.029707018
7,FINE_SCAN_P_FINE,qtp,p,0.919997,V,4.499996,-5.799999,0.919997,onboard,10,0.000000000,0.000000000,0.000000000,0.000411167,0.029939499
7,FINE_SCAN_P_FINE,qtp,p,0.929997,V,4.499996,-5.799999,0.929997,onboard,10,0.000000000,0.000000000,0.000000000,0.000398242,0.029891063
7,FINE_SCAN_P_FINE,qtp,p,0.939997,V,4.499996,-5.799999,0.939997,onboard,10,0.000000000,0.000000000,0.000000000,0.000395580,0.029791519
7,FINE_SCAN_P_FINE,qtp,p,0.949997,V,4.499996,-5.799999,0.949997,onboard,10,0.000000000,0.000000000,0.000000000,0.000437242,0.029725879
7,FINE_SCAN_P_FINE,qtp,p,0.959997,V,4.499996,-5.799999,0.959997,onboard,10,0.000000000,0.000000000,0.000000000,0.000372881,0.029620979
7,FINE_SCAN_P_FINE,qtp,p,0.969997,V,4.499996,-5.799999,0.969997,onboard,10,0.000000000,0.000000000,0.000000000,0.000394596,0.029508710
7,FINE_SCAN_P_FINE,qtp,p,0.979997,V,4.499996,-5.799999,0.979997,onboard,10,0.000000000,0.000000000,0.000000000,0.000372834,0.029375890
7,FINE_SCAN_P_FINE,qtp,p,0.989997,V,4.499996,-5.799999,0.989997,onboard,10,0.000000000,0.000000000,0.000000000,0.000366192,0.029288987
7,FINE_SCAN_P_FINE,qtp,p,0.999997,V,4.499996,-5.799999,0.999997,onboard,10,0.000000000,0.000000000,0.000000000,0.000420671,0.029180994
7,FINE_SCAN_P_FINE,qtp,p,1.009997,V,4.499996,-5.799999,1.009997,onboard,10,0.000000000,0.000000000,0.000000000,0.000343860,0.029062379
7,FINE_SCAN_P_FINE,qtp,p,1.019997,V,4.499996,-5.799999,1.019997,onboard,10,0.000000000,0.000000000,0.000000000,0.000355548,0.028944027
7,FINE_SCAN_P_FINE,qtp,p,1.029997,V,4.499996,-5.799999,1.029997,onboard,10,0.000000000,0.000000000,0.000000000,0.000342499,0.028819244
7,FINE_SCAN_P_FINE,qtp,p,1.039997,V,4.499996,-5.799999,1.039997,onboard,10,0.000000000,0.000000000,0.000000000,0.000331897,0.028701266
7,FINE_SCAN_P_FINE,qtp,p,1.049997,V,4.499996,-5.799999,1.049997,onboard,10,0.000000000,0.000000000,0.000000000,0.000382773,0.028580546
7,FINE_SCAN_P_FINE,qtp,p,1.059997,V,4.499996,-5.799999,1.059997,onboard,10,0.000000000,0.000000000,0.000000000,0.000318114,0.028461268
7,FINE_SCAN_P_FINE,qtp,p,1.069997,V,4.499996,-5.799999,1.069997,onboard,10,0.000000000,0.000000000,0.000000000,0.000315218,0.028326416
7,FINE_SCAN_P_FINE,qtp,p,1.079997,V,4.499996,-5.799999,1.079997,onboard,10,0.000000000,0.000000000,0.000000000,0.000309638,0.028238893
7,FINE_SCAN_P_FINE,qtp,p,1.089997,V,4.499996,-5.799999,1.089997,onboard,10,0.000000000,0.000000000,0.000000000,0.000303148,0.028139850
7,FINE_SCAN_P_FINE,qtp,p,1.099997,V,4.499996,-5.799999,1.099997,onboard,10,0.000000000,0.000000000,0.000000000,0.000352600,0.028013775
7,FINE_SCAN_P_FINE,qtp,p,1.109997,V,4.499996,-5.799999,1.109997,onboard,10,0.000000000,0.000000000,0.000000000,0.000282537,0.027906358
7,FINE_SCAN_P_FINE,qtp,p,1.119997,V,4.499996,-5.799999,1.119997,onboard,10,0.000000000,0.000000000,0.000000000,0.000303201,0.027775398
7,FINE_SCAN_P_FINE,qtp,p,1.129997,V,4.499996,-5.799999,1.129997,onboard,10,0.000000000,0.000000000,0.000000000,0.000278930,0.027674684
7,FINE_SCAN_P_FINE,qtp,p,1.139997,V,4.499996,-5.799999,1.139997,onboard,10,0.000000000,0.000000000,0.000000000,0.000270791,0.027547508
7,FINE_SCAN_P_FINE,qtp,p,1.149997,V,4.499996,-5.799999,1.149997,onboard,10,0.000000000,0.000000000,0.000000000,0.000314270,0.027415823
7,FINE_SCAN_P_FINE,qtp,p,1.159997,V,4.499996,-5.799999,1.159997,onboard,10,0.000000000,0.000000000,0.000000000,0.000246991,0.027287334
7,FINE_SCAN_P_FINE,qtp,p,1.169997,V,4.499996,-5.799999,1.169997,onboard,10,0.000000000,0.000000000,0.000000000,0.000258434,0.027163874
7,FINE_SCAN_P_FINE,qtp,p,1.179997,V,4.499996,-5.799999,1.179997,onboard,10,0.000000000,0.000000000,0.000000000,0.000246692,0.027039956
7,FINE_SCAN_P_FINE,qtp,p,1.189997,V,4.499996,-5.799999,1.189997,onboard,10,0.000000000,0.000000000,0.000000000,0.000239380,0.026951229
7,FINE_SCAN_P_FINE,qtp,p,1.199997,V,4.499996,-5.799999,1.199997,onboard,10,0.000000000,0.000000000,0.000000000,0.000279728,0.026822930
7,FINE_SCAN_P_FINE,qtp,p,1.209997,V,4.499996,-5.799999,1.209997,onboard,10,0.000000000,0.000000000,0.000000000,0.000218310,0.026690463
7,FINE_SCAN_P_FINE,qtp,p,1.219997,V,4.499996,-5.799999,1.219997,onboard,10,0.000000000,0.000000000,0.000000000,0.000221318,0.026579270
7,FINE_SCAN_P_FINE,qtp,p,1.229997,V,4.499996,-5.799999,1.229997,onboard,10,0.000000000,0.000000000,0.000000000,0.000211186,0.026464980
7,FINE_SCAN_P_FINE,qtp,p,1.239997,V,4.499996,-5.799999,1.239997,onboard,10,0.000000000,0.000000000,0.000000000,0.000202441,0.026332235
7,FINE_SCAN_P_FINE,qtp,p,1.249997,V,4.499996,-5.799999,1.249997,onboard,10,0.000000000,0.000000000,0.000000000,0.000242480,0.026216084
7,FINE_SCAN_P_FINE,qtp,p,1.259997,V,4.499996,-5.799999,1.259997,onboard,10,0.000000000,0.000000000,0.000000000,0.000181897,0.026070040
7,FINE_SCAN_P_FINE,qtp,p,1.269997,V,4.499996,-5.799999,1.269997,onboard,10,0.000000000,0.000000000,0.000000000,0.000181850,0.025972564
7,FINE_SCAN_P_FINE,qtp,p,1.279997,V,4.499996,-5.799999,1.279997,onboard,10,0.000000000,0.000000000,0.000000000,0.000179119,0.025867334
7,FINE_SCAN_P_FINE,qtp,p,1.289997,V,4.499996,-5.799999,1.289997,onboard,10,0.000000000,0.000000000,0.000000000,0.000169840,0.025755510
7,FINE_SCAN_P_FINE,qtp,p,1.299997,V,4.499996,-5.799999,1.299997,onboard,10,0.000000000,0.000000000,0.000000000,0.000220770,0.025654456
7,FINE_SCAN_P_FINE,qtp,p,1.309997,V,4.499996,-5.799999,1.309997,onboard,10,0.000000000,0.000000000,0.000000000,0.000148695,0.025516916
7,FINE_SCAN_P_FINE,qtp,p,1.319997,V,4.499996,-5.799999,1.319997,onboard,10,0.000000000,0.000000000,0.000000000,0.000149245,0.025401536
7,FINE_SCAN_P_FINE,qtp,p,1.329997,V,4.499996,-5.799999,1.329997,onboard,10,0.000000000,0.000000000,0.000000000,0.000146353,0.025285969
7,FINE_SCAN_P_FINE,qtp,p,1.339997,V,4.499996,-5.799999,1.339997,onboard,10,0.000000000,0.000000000,0.000000000,0.000139589,0.025155649
7,FINE_SCAN_P_FINE,qtp,p,1.349997,V,4.499996,-5.799999,1.349997,onboard,10,0.000000000,0.000000000,0.000000000,0.000170151,0.025044639
7,FINE_SCAN_P_FINE,qtp,p,1.359997,V,4.499996,-5.799999,1.359997,onboard,10,0.000000000,0.000000000,0.000000000,0.000122275,0.024925534
7,FINE_SCAN_P_FINE,qtp,p,1.369997,V,4.499996,-5.799999,1.369997,onboard,10,0.000000000,0.000000000,0.000000000,0.000114001,0.024794769
7,FINE_SCAN_P_FINE,qtp,p,1.379997,V,4.499996,-5.799999,1.379997,onboard,10,0.000000000,0.000000000,0.000000000,0.000123164,0.024664454
7,FINE_SCAN_P_FINE,qtp,p,1.389997,V,4.499996,-5.799999,1.389997,onboard,10,0.000000000,0.000000000,0.000000000,0.000112294,0.024558160
7,FINE_SCAN_P_FINE,qtp,p,1.399997,V,4.499996,-5.799999,1.399997,onboard,10,0.000000000,0.000000000,0.000000000,0.000130218,0.024456065
7,FINE_SCAN_P_FINE,qtp,p,1.409997,V,4.499996,-5.799999,1.409997,onboard,10,0.000000000,0.000000000,0.000000000,0.000093057,0.024343468
7,FINE_SCAN_P_FINE,qtp,p,1.419997,V,4.499996,-5.799999,1.419997,onboard,10,0.000000000,0.000000000,0.000000000,0.000088591,0.024237480
7,FINE_SCAN_P_FINE,qtp,p,1.429997,V,4.499996,-5.799999,1.429997,onboard,10,0.000000000,0.000000000,0.000000000,0.000094199,0.024115916
7,FINE_SCAN_P_FINE,qtp,p,1.439997,V,4.499996,-5.799999,1.439997,onboard,10,0.000000000,0.000000000,0.000000000,0.000093150,0.023995236
7,FINE_SCAN_P_FINE,qtp,p,1.449997,V,4.499996,-5.799999,1.449997,onboard,10,0.000000000,0.000000000,0.000000000,0.000109486,0.023881095
7,FINE_SCAN_P_FINE,qtp,p,1.459997,V,4.499996,-5.799999,1.459997,onboard,10,0.000000000,0.000000000,0.000000000,0.000078563,0.023765789
7,FINE_SCAN_P_FINE,qtp,p,1.469997,V,4.499996,-5.799999,1.469997,onboard,10,0.000000000,0.000000000,0.000000000,0.000067727,0.023648698
7,FINE_SCAN_P_FINE,qtp,p,1.479997,V,4.499996,-5.799999,1.479997,onboard,10,0.000000000,0.000000000,0.000000000,0.000074105,0.023544785
7,FINE_SCAN_P_FINE,qtp,p,1.489997,V,4.499996,-5.799999,1.489997,onboard,10,0.000000000,0.000000000,0.000000000,0.000075627,0.023428293
7,FINE_SCAN_P_FINE,qtp,p,1.499997,V,4.499996,-5.799999,1.499997,onboard,10,0.000000000,0.000000000,0.000000000,0.000075224,0.023318404
7,FINE_SCAN_P_FINE,qtp,p,1.509997,V,4.499996,-5.799999,1.509997,onboard,10,0.000000000,0.000000000,0.000000000,0.000072221,0.023203302
7,FINE_SCAN_P_FINE,qtp,p,1.519997,V,4.499996,-5.799999,1.519997,onboard,10,0.000000000,0.000000000,0.000000000,0.000062599,0.023118818
7,FINE_SCAN_P_FINE,qtp,p,1.529997,V,4.499996,-5.799999,1.529997,onboard,10,0.000000000,0.000000000,0.000000000,0.000074821,0.022984985
7,FINE_SCAN_P_FINE,qtp,p,1.539997,V,4.499996,-5.799999,1.539997,onboard,10,0.000000000,0.000000000,0.000000000,0.000080577,0.022864964
7,FINE_SCAN_P_FINE,qtp,p,1.549996,V,4.499996,-5.799999,1.549996,onboard,10,0.000000000,0.000000000,0.000000000,0.000074428,0.022769175
7,FINE_SCAN_P_FINE,qtp,p,1.559996,V,4.499996,-5.799999,1.559996,onboard,10,0.000000000,0.000000000,0.000000000,0.000078215,0.022644587
7,FINE_SCAN_P_FINE,qtp,p,1.569996,V,4.499996,-5.799999,1.569996,onboard,10,0.000000000,0.000000000,0.000000000,0.000075413,0.022543136
7,FINE_SCAN_P_FINE,qtp,p,1.579996,V,4.499996,-5.799999,1.579996,onboard,10,0.000000000,0.000000000,0.000000000,0.000089725,0.022431709
7,FINE_SCAN_P_FINE,qtp,p,1.589996,V,4.499996,-5.799999,1.589996,onboard,10,0.000000000,0.000000000,0.000000000,0.000097261,0.022331918
7,FINE_SCAN_P_FINE,qtp,p,1.599996,V,4.499996,-5.799999,1.599996,onboard,10,0.000000000,0.000000000,0.000000000,0.000087236,0.022213047
7,FINE_SCAN_P_FINE,qtp,p,1.609996,V,4.499996,-5.799999,1.609996,onboard,10,0.000000000,0.000000000,0.000000000,0.000102971,0.022099884
7,FINE_SCAN_P_FINE,qtp,p,1.619996,V,4.499996,-5.799999,1.619996,onboard,10,0.000000000,0.000000000,0.000000000,0.000106518,0.021987813
7,FINE_SCAN_P_FINE,qtp,p,1.629996,V,4.499996,-5.799999,1.629996,onboard,10,0.000000000,0.000000000,0.000000000,0.000120478,0.021879291
7,FINE_SCAN_P_FINE,qtp,p,1.639996,V,4.499996,-5.799999,1.639996,onboard,10,0.000000000,0.000000000,0.000000000,0.000128315,0.021765964
7,FINE_SCAN_P_FINE,qtp,p,1.649996,V,4.499996,-5.799999,1.649996,onboard,10,0.000000000,0.000000000,0.000000000,0.000102463,0.021666501
7,FINE_SCAN_P_FINE,qtp,p,1.659996,V,4.499996,-5.799999,1.659996,onboard,10,0.000000000,0.000000000,0.000000000,0.000136020,0.021547364
7,FINE_SCAN_P_FINE,qtp,p,1.669996,V,4.499996,-5.799999,1.669996,onboard,10,0.000000000,0.000000000,0.000000000,0.000133288,0.021473777
7,FINE_SCAN_P_FINE,qtp,p,1.679996,V,4.499996,-5.799999,1.679996,onboard,10,0.000000000,0.000000000,0.000000000,0.000150901,0.021344896
7,FINE_SCAN_P_FINE,qtp,p,1.689996,V,4.499996,-5.799999,1.689996,onboard,10,0.000000000,0.000000000,0.000000000,0.000161545,0.021251403
7,FINE_SCAN_P_FINE,qtp,p,1.699996,V,4.499996,-5.799999,1.699996,onboard,10,0.000000000,0.000000000,0.000000000,0.000135412,0.021163199
7,FINE_SCAN_P_FINE,qtp,p,1.709996,V,4.499996,-5.799999,1.709996,onboard,10,0.000000000,0.000000000,0.000000000,0.000171444,0.021038894
7,FINE_SCAN_P_FINE,qtp,p,1.719996,V,4.499996,-5.799999,1.719996,onboard,10,0.000000000,0.000000000,0.000000000,0.000173359,0.020929074
7,FINE_SCAN_P_FINE,qtp,p,1.729996,V,4.499996,-5.799999,1.729996,onboard,10,0.000000000,0.000000000,0.000000000,0.000182354,0.020836323
7,FINE_SCAN_P_FINE,qtp,p,1.739996,V,4.499996,-5.799999,1.739996,onboard,10,0.000000000,0.000000000,0.000000000,0.000196007,0.020728530
7,FINE_SCAN_P_FINE,qtp,p,1.749996,V,4.499996,-5.799999,1.749996,onboard,10,0.000000000,0.000000000,0.000000000,0.000167513,0.020635087
7,FINE_SCAN_P_FINE,qtp,p,1.759996,V,4.499996,-5.799999,1.759996,onboard,10,0.000000000,0.000000000,0.000000000,0.000208719,0.020527912
7,FINE_SCAN_P_FINE,qtp,p,1.769996,V,4.499996,-5.799999,1.769996,onboard,10,0.000000000,0.000000000,0.000000000,0.000205619,0.020426899
7,FINE_SCAN_P_FINE,qtp,p,1.779996,V,4.499996,-5.799999,1.779996,onboard,10,0.000000000,0.000000000,0.000000000,0.000222036,0.020306483
7,FINE_SCAN_P_FINE,qtp,p,1.789996,V,4.499996,-5.799999,1.789996,onboard,10,0.000000000,0.000000000,0.000000000,0.000233441,0.020195071
7,FINE_SCAN_P_FINE,qtp,p,1.799996,V,4.499996,-5.799999,1.799996,onboard,10,0.000000000,0.000000000,0.000000000,0.000200862,0.020082835
7,FINE_SCAN_P_FINE,qtp,p,1.809996,V,4.499996,-5.799999,1.809996,onboard,10,0.000000000,0.000000000,0.000000000,0.000239950,0.019998996
7,FINE_SCAN_P_FINE,qtp,p,1.819996,V,4.499996,-5.799999,1.819996,onboard,10,0.000000000,0.000000000,0.000000000,0.000239410,0.019869901
7,FINE_SCAN_P_FINE,qtp,p,1.829996,V,4.499996,-5.799999,1.829996,onboard,10,0.000000000,0.000000000,0.000000000,0.000253475,0.019751932
7,FINE_SCAN_P_FINE,qtp,p,1.839996,V,4.499996,-5.799999,1.839996,onboard,10,0.000000000,0.000000000,0.000000000,0.000264022,0.019656152
7,FINE_SCAN_P_FINE,qtp,p,1.849996,V,4.499996,-5.799999,1.849996,onboard,10,0.000000000,0.000000000,0.000000000,0.000242638,0.019555846
7,FINE_SCAN_P_FINE,qtp,p,1.859996,V,4.499996,-5.799999,1.859996,onboard,10,0.000000000,0.000000000,0.000000000,0.000275049,0.019425545
7,FINE_SCAN_P_FINE,qtp,p,1.869996,V,4.499996,-5.799999,1.869996,onboard,10,0.000000000,0.000000000,0.000000000,0.000272727,0.019331889
7,FINE_SCAN_P_FINE,qtp,p,1.879996,V,4.499996,-5.799999,1.879996,onboard,10,0.000000000,0.000000000,0.000000000,0.000293727,0.019265104
7,FINE_SCAN_P_FINE,qtp,p,1.889996,V,4.499996,-5.799999,1.889996,onboard,10,0.000000000,0.000000000,0.000000000,0.000299483,0.019172907
7,FINE_SCAN_P_FINE,qtp,p,1.899996,V,4.499996,-5.799999,1.899996,onboard,10,0.000000000,0.000000000,0.000000000,0.000269540,0.019084368
7,FINE_SCAN_P_FINE,qtp,p,1.909996,V,4.499996,-5.799999,1.909996,onboard,10,0.000000000,0.000000000,0.000000000,0.000311212,0.018977206
7,FINE_SCAN_P_FINE,qtp,p,1.919996,V,4.499996,-5.799999,1.919996,onboard,10,0.000000000,0.000000000,0.000000000,0.000314979,0.018864917
7,FINE_SCAN_P_FINE,qtp,p,1.929996,V,4.499996,-5.799999,1.929996,onboard,10,0.000000000,0.000000000,0.000000000,0.000331695,0.018763147
7,FINE_SCAN_P_FINE,qtp,p,1.939996,V,4.499996,-5.799999,1.939996,onboard,10,0.000000000,0.000000000,0.000000000,0.000333124,0.018660868
7,FINE_SCAN_P_FINE,qtp,p,1.949996,V,4.499996,-5.799999,1.949996,onboard,10,0.000000000,0.000000000,0.000000000,0.000314020,0.018570719
7,FINE_SCAN_P_FINE,qtp,p,1.959996,V,4.499996,-5.799999,1.959996,onboard,10,0.000000000,0.000000000,0.000000000,0.000347110,0.018449601
7,FINE_SCAN_P_FINE,qtp,p,1.969996,V,4.499996,-5.799999,1.969996,onboard,10,0.000000000,0.000000000,0.000000000,0.000355229,0.018354170
7,FINE_SCAN_P_FINE,qtp,p,1.979996,V,4.499996,-5.799999,1.979996,onboard,10,0.000000000,0.000000000,0.000000000,0.000365473,0.018272635
7,FINE_SCAN_P_FINE,qtp,p,1.989996,V,4.499996,-5.799999,1.989996,onboard,10,0.000000000,0.000000000,0.000000000,0.000373946,0.018176097
7,FINE_SCAN_P_FINE,qtp,p,1.999996,V,4.499996,-5.799999,1.999996,onboard,10,0.000000000,0.000000000,0.000000000,0.000347750,0.018065318
7,FINE_SCAN_P_FINE,qtp,p,2.009996,V,4.499996,-5.799999,2.009996,onboard,10,0.000000000,0.000000000,0.000000000,0.000385230,0.017976899
7,FINE_SCAN_P_FINE,qtp,p,2.019996,V,4.499996,-5.799999,2.019996,onboard,10,0.000000000,0.000000000,0.000000000,0.000381816,0.017866958
7,FINE_SCAN_P_FINE,qtp,p,2.029996,V,4.499996,-5.799999,2.029996,onboard,10,0.000000000,0.000000000,0.000000000,0.000402238,0.017784085
7,FINE_SCAN_P_FINE,qtp,p,2.039996,V,4.499996,-5.799999,2.039996,onboard,10,0.000000000,0.000000000,0.000000000,0.000407389,0.017694222
7,FINE_SCAN_P_FINE,qtp,p,2.049996,V,4.499996,-5.799999,2.049996,onboard,10,0.000000000,0.000000000,0.000000000,0.000385037,0.017586935
7,FINE_SCAN_P_FINE,qtp,p,2.059996,V,4.499996,-5.799999,2.059996,onboard,10,0.000000000,0.000000000,0.000000000,0.000420582,0.017479325
7,FINE_SCAN_P_FINE,qtp,p,2.069996,V,4.499996,-5.799999,2.069996,onboard,10,0.000000000,0.000000000,0.000000000,0.000425470,0.017388973
7,FINE_SCAN_P_FINE,qtp,p,2.079996,V,4.499996,-5.799999,2.079996,onboard,10,0.000000000,0.000000000,0.000000000,0.000437712,0.017294329
7,FINE_SCAN_P_FINE,qtp,p,2.089996,V,4.499996,-5.799999,2.089996,onboard,10,0.000000000,0.000000000,0.000000000,0.000442675,0.017200541
7,FINE_SCAN_P_FINE,qtp,p,2.099996,V,4.499996,-5.799999,2.099996,onboard,10,0.000000000,0.000000000,0.000000000,0.000425335,0.017100880
8,FINE_SCAN_I_WIDE,mitp,i,2.499996,V,2.499996,-5.799999,1.519997,onboard,10,0.117587268,0.000000000,0.000000000,0.000000000,0.103875235
8,FINE_SCAN_I_WIDE,mitp,i,2.549996,V,2.549996,-5.799999,1.519997,onboard,10,0.132103145,0.000000000,0.000000000,0.000000000,0.128014430
8,FINE_SCAN_I_WIDE,mitp,i,2.599996,V,2.599996,-5.799999,1.519997,onboard,10,0.130806550,0.000000000,0.000000000,0.000000000,0.125984728
8,FINE_SCAN_I_WIDE,mitp,i,2.649996,V,2.649996,-5.799999,1.519997,onboard,10,0.129625857,0.000000000,0.000000000,0.000000000,0.122864380
8,FINE_SCAN_I_WIDE,mitp,i,2.699996,V,2.699996,-5.799999,1.519997,onboard,10,0.128444582,0.000000000,0.000000000,0.000000000,0.119451307
8,FINE_SCAN_I_WIDE,mitp,i,2.749996,V,2.749996,-5.799999,1.519997,onboard,10,0.126808226,0.000000000,0.000000000,0.000000000,0.115957782
8,FINE_SCAN_I_WIDE,mitp,i,2.799996,V,2.799996,-5.799999,1.519997,onboard,10,0.125871867,0.000000000,0.000000000,0.000000000,0.112673022
8,FINE_SCAN_I_WIDE,mitp,i,2.849996,V,2.849996,-5.799999,1.519997,onboard,10,0.124463178,0.000000000,0.000000000,0.000000000,0.109297313
8,FINE_SCAN_I_WIDE,mitp,i,2.899996,V,2.899996,-5.799999,1.519997,onboard,10,0.122569680,0.000000000,0.000000000,0.000000000,0.105860427
8,FINE_SCAN_I_WIDE,mitp,i,2.949996,V,2.949996,-5.799999,1.519997,onboard,10,0.121253595,0.000000000,0.000000000,0.000000000,0.102634944
8,FINE_SCAN_I_WIDE,mitp,i,2.999996,V,2.999996,-5.799999,1.519997,onboard,10,0.119727753,0.000000000,0.000000000,0.000000000,0.099334359
8,FINE_SCAN_I_WIDE,mitp,i,3.049996,V,3.049996,-5.799999,1.519997,onboard,10,0.117890492,0.000000000,0.000000000,0.000000000,0.095991984
8,FINE_SCAN_I_WIDE,mitp,i,3.099996,V,3.099996,-5.799999,1.519997,onboard,10,0.116866663,0.000000000,0.000000000,0.000000000,0.092867725
8,FINE_SCAN_I_WIDE,mitp,i,3.149996,V,3.149996,-5.799999,1.519997,onboard,10,0.115186095,0.000000000,0.000000000,0.000000000,0.089646049
8,FINE_SCAN_I_WIDE,mitp,i,3.199996,V,3.199996,-5.799999,1.519997,onboard,10,0.113100983,0.000000000,0.000000000,0.000000000,0.086472563
8,FINE_SCAN_I_WIDE,mitp,i,3.249995,V,3.249995,-5.799999,1.519997,onboard,10,0.111504532,0.000000000,0.000000000,0.000000000,0.083343737
8,FINE_SCAN_I_WIDE,mitp,i,3.299995,V,3.299995,-5.799999,1.519997,onboard,10,0.109832324,0.000000000,0.000000000,0.000000000,0.080314830
8,FINE_SCAN_I_WIDE,mitp,i,3.349995,V,3.349995,-5.799999,1.519997,onboard,10,0.107886270,0.000000000,0.000000000,0.000000000,0.077301189
8,FINE_SCAN_I_WIDE,mitp,i,3.399995,V,3.399995,-5.799999,1.519997,onboard,10,0.106403746,0.000000000,0.000000000,0.000000000,0.074290730
8,FINE_SCAN_I_WIDE,mitp,i,3.449995,V,3.449995,-5.799999,1.519997,onboard,10,0.104565226,0.000000000,0.000000000,0.000000000,0.071388014
8,FINE_SCAN_I_WIDE,mitp,i,3.499995,V,3.499995,-5.799999,1.519997,onboard,10,0.102397487,0.000000000,0.000000000,0.000000000,0.068522081
8,FINE_SCAN_I_WIDE,mitp,i,3.549995,V,3.549995,-5.799999,1.519997,onboard,10,0.100658759,0.000000000,0.000000000,0.000000000,0.065689698
8,FINE_SCAN_I_WIDE,mitp,i,3.599995,V,3.599995,-5.799999,1.519997,onboard,10,0.098626874,0.000000000,0.000000000,0.000000000,0.062858410
8,FINE_SCAN_I_WIDE,mitp,i,3.649995,V,3.649995,-5.799999,1.519997,onboard,10,0.096769057,0.000000000,0.000000000,0.000000000,0.060053717
8,FINE_SCAN_I_WIDE,mitp,i,3.699995,V,3.699995,-5.799999,1.519997,onboard,10,0.094999388,0.000000000,0.000000000,0.000000000,0.057453163
8,FINE_SCAN_I_WIDE,mitp,i,3.749995,V,3.749995,-5.799999,1.519997,onboard,10,0.092893898,0.000000000,0.000000000,0.000000000,0.054852646
8,FINE_SCAN_I_WIDE,mitp,i,3.799995,V,3.799995,-5.799999,1.519997,onboard,10,0.090523310,0.000000000,0.000000000,0.000000000,0.052226089
8,FINE_SCAN_I_WIDE,mitp,i,3.849995,V,3.849995,-5.799999,1.519997,onboard,10,0.088316590,0.000000000,0.000000000,0.000000000,0.049731068
8,FINE_SCAN_I_WIDE,mitp,i,3.899995,V,3.899995,-5.799999,1.519997,onboard,10,0.086092077,0.000000000,0.000000000,0.000000000,0.047261141
8,FINE_SCAN_I_WIDE,mitp,i,3.949995,V,3.949995,-5.799999,1.519997,onboard,10,0.084058806,0.000000000,0.000000000,0.000000000,0.044866413
8,FINE_SCAN_I_WIDE,mitp,i,3.999995,V,3.999995,-5.799999,1.519997,onboard,10,0.081843287,0.000000000,0.000000000,0.000000000,0.042541400
8,FINE_SCAN_I_WIDE,mitp,i,4.049995,V,4.049995,-5.799999,1.519997,onboard,10,0.079738095,0.000000000,0.000000000,0.000000000,0.040276572
8,FINE_SCAN_I_WIDE,mitp,i,4.099995,V,4.099995,-5.799999,1.519997,onboard,10,0.077397451,0.000000000,0.000000000,0.000000000,0.038029533
8,FINE_SCAN_I_WIDE,mitp,i,4.149995,V,4.149995,-5.799999,1.519997,onboard,10,0.074975818,0.000000000,0.000000000,0.000000000,0.035906997
8,FINE_SCAN_I_WIDE,mitp,i,4.199996,V,4.199996,-5.799999,1.519997,onboard,10,0.072763368,0.000000000,0.000000000,0.000000000,0.033820219
8,FINE_SCAN_I_WIDE,mitp,i,4.249996,V,4.249996,-5.799999,1.519997,onboard,10,0.070468538,0.000000000,0.000000000,0.000000000,0.031775024
8,FINE_SCAN_I_WIDE,mitp,i,4.299996,V,4.299996,-5.799999,1.519997,onboard,10,0.068096273,0.000000000,0.000000000,0.000000000,0.029819760
8,FINE_SCAN_I_WIDE,mitp,i,4.349996,V,4.349996,-5.799999,1.519997,onboard,10,0.066008739,0.000000000,0.000000000,0.000000000,0.027940745
8,FINE_SCAN_I_WIDE,mitp,i,4.399996,V,4.399996,-5.799999,1.519997,onboard,10,0.063468374,0.000000000,0.000000000,0.000000000,0.026067603
8,FINE_SCAN_I_WIDE,mitp,i,4.449996,V,4.449996,-5.799999,1.519997,onboard,10,0.060896963,0.000000000,0.000000000,0.000000000,0.024319479
8,FINE_SCAN_I_WIDE,mitp,i,4.499997,V,4.499997,-5.799999,1.519997,onboard,10,0.058586996,0.000000000,0.000000000,0.000000000,0.022642760
8,FINE_SCAN_I_WIDE,mitp,i,4.549997,V,4.549997,-5.799999,1.519997,onboard,10,0.056128312,0.000000000,0.000000000,0.000000000,0.021002227
8,FINE_SCAN_I_WIDE,mitp,i,4.599997,V,4.599997,-5.799999,1.519997,onboard,10,0.053578924,0.000000000,0.000000000,0.000000000,0.019440519
8,FINE_SCAN_I_WIDE,mitp,i,4.649997,V,4.649997,-5.799999,1.519997,onboard,10,0.051314205,0.000000000,0.000000000,0.000000000,0.017962242
8,FINE_SCAN_I_WIDE,mitp,i,4.699997,V,4.699997,-5.799999,1.519997,onboard,10,0.048774444,0.000000000,0.000000000,0.000000000,0.016542166
8,FINE_SCAN_I_WIDE,mitp,i,4.749998,V,4.749998,-5.799999,1.519997,onboard,10,0.046063662,0.000000000,0.000000000,0.000000000,0.015171455
8,FINE_SCAN_I_WIDE,mitp,i,4.799998,V,4.799998,-5.799999,1.519997,onboard,10,0.043634027,0.000000000,0.000000000,0.000000000,0.013880278
8,FINE_SCAN_I_WIDE,mitp,i,4.849998,V,4.849998,-5.799999,1.519997,onboard,10,0.041061234,0.000000000,0.000000000,0.000000000,0.012681624
8,FINE_SCAN_I_WIDE,mitp,i,4.899998,V,4.899998,-5.799999,1.519997,onboard,10,0.038490511,0.000000000,0.000000000,0.000000000,0.011532011
8,FINE_SCAN_I_WIDE,mitp,i,4.949998,V,4.949998,-5.799999,1.519997,onboard,10,0.035998330,0.000000000,0.000000000,0.000000000,0.010458744
8,FINE_SCAN_I_WIDE,mitp,i,4.999999,V,4.999999,-5.799999,1.519997,onboard,10,0.033412639,0.000000000,0.000000000,0.000000000,0.009462273
8,FINE_SCAN_I_WIDE,mitp,i,5.049999,V,5.049999,-5.799999,1.519997,onboard,10,0.030768361,0.000000000,0.000000000,0.000000000,0.008531502
8,FINE_SCAN_I_WIDE,mitp,i,5.099999,V,5.099999,-5.799999,1.519997,onboard,10,0.028142935,0.000000000,0.000000000,0.000000000,0.007684899
8,FINE_SCAN_I_WIDE,mitp,i,5.149999,V,5.149999,-5.799999,1.519997,onboard,10,0.025522703,0.000000000,0.000000000,0.000000000,0.006908598
8,FINE_SCAN_I_WIDE,mitp,i,5.199999,V,5.199999,-5.799999,1.519997,onboard,10,0.022876825,0.000000000,0.000000000,0.000000000,0.006210362
8,FINE_SCAN_I_WIDE,mitp,i,5.250000,V,5.250000,-5.799999,1.519997,onboard,10,0.020221695,0.000000000,0.000000000,0.000000000,0.005581868
8,FINE_SCAN_I_WIDE,mitp,i,5.300000,V,5.300000,-5.799999,1.519997,onboard,10,0.017633168,0.000000000,0.000000000,0.000000000,0.005032214
8,FINE_SCAN_I_WIDE,mitp,i,5.350000,V,5.350000,-5.799999,1.519997,onboard,10,0.014953095,0.000000000,0.000000000,0.000000000,0.004544918
8,FINE_SCAN_I_WIDE,mitp,i,5.400000,V,5.400000,-5.799999,1.519997,onboard,10,0.012292856,0.000000000,0.000000000,0.000000000,0.004115358
8,FINE_SCAN_I_WIDE,mitp,i,5.450000,V,5.450000,-5.799999,1.519997,onboard,10,0.009633654,0.000000000,0.000000000,0.000000000,0.003774110
8,FINE_SCAN_I_WIDE,mitp,i,5.500000,V,5.500000,-5.799999,1.519997,onboard,10,0.006912555,0.000000000,0.000000000,0.000000000,0.003521464
8,FINE_SCAN_I_WIDE,mitp,i,5.550001,V,5.550001,-5.799999,1.519997,onboard,10,0.004270659,0.000000000,0.000000000,0.000000000,0.003351307
8,FINE_SCAN_I_WIDE,mitp,i,5.600001,V,5.600001,-5.799999,1.519997,onboard,10,0.001611728,0.000000000,0.000000000,0.000000000,0.003249953
8,FINE_SCAN_I_WIDE,mitp,i,5.650001,V,5.650001,-5.799999,1.519997,onboard,10,0.001097856,0.000000000,0.000000000,0.000000000,0.003215488
8,FINE_SCAN_I_WIDE,mitp,i,5.700001,V,5.700001,-5.799999,1.519997,onboard,10,0.003746498,0.000000000,0.000000000,0.000000000,0.003234419
8,FINE_SCAN_I_WIDE,mitp,i,5.750001,V,5.750001,-5.799999,1.519997,onboard,10,0.006431279,0.000000000,0.000000000,0.000000000,0.003348965
8,FINE_SCAN_I_WIDE,mitp,i,5.800002,V,5.800002,-5.799999,1.519997,onboard,10,0.009132835,0.000000000,0.000000000,0.000000000,0.003550454
8,FINE_SCAN_I_WIDE,mitp,i,5.850002,V,5.850002,-5.799999,1.519997,onboard,10,0.011802546,0.000000000,0.000000000,0.000000000,0.003833660
8,FINE_SCAN_I_WIDE,mitp,i,5.900002,V,5.900002,-5.799999,1.519997,onboard,10,0.014471899,0.000000000,0.000000000,0.000000000,0.004173519
8,FINE_SCAN_I_WIDE,mitp,i,5.950002,V,5.950002,-5.799999,1.519997,onboard,10,0.017183512,0.000000000,0.000000000,0.000000000,0.004585401
8,FINE_SCAN_I_WIDE,mitp,i,6.000002,V,6.000002,-5.799999,1.519997,onboard,10,0.019847536,0.000000000,0.000000000,0.000000000,0.005085708
8,FINE_SCAN_I_WIDE,mitp,i,6.050003,V,6.050003,-5.799999,1.519997,onboard,10,0.022487212,0.000000000,0.000000000,0.000000000,0.005652551
8,FINE_SCAN_I_WIDE,mitp,i,6.100003,V,6.100003,-5.799999,1.519997,onboard,10,0.025151422,0.000000000,0.000000000,0.000000000,0.006300326
8,FINE_SCAN_I_WIDE,mitp,i,6.150003,V,6.150003,-5.799999,1.519997,onboard,10,0.027823666,0.000000000,0.000000000,0.000000000,0.007023473
8,FINE_SCAN_I_WIDE,mitp,i,6.200003,V,6.200003,-5.799999,1.519997,onboard,10,0.030459523,0.000000000,0.000000000,0.000000000,0.007808961
8,FINE_SCAN_I_WIDE,mitp,i,6.250003,V,6.250003,-5.799999,1.519997,onboard,10,0.033167969,0.000000000,0.000000000,0.000000000,0.008679921
8,FINE_SCAN_I_WIDE,mitp,i,6.300004,V,6.300004,-5.799999,1.519997,onboard,10,0.035771016,0.000000000,0.000000000,0.000000000,0.009630184
8,FINE_SCAN_I_WIDE,mitp,i,6.350004,V,6.350004,-5.799999,1.519997,onboard,10,0.038291048,0.000000000,0.000000000,0.000000000,0.010640776
8,FINE_SCAN_I_WIDE,mitp,i,6.400004,V,6.400004,-5.799999,1.519997,onboard,10,0.040905654,0.000000000,0.000000000,0.000000000,0.011735642
8,FINE_SCAN_I_WIDE,mitp,i,6.450004,V,6.450004,-5.799999,1.519997,onboard,10,0.043591056,0.000000000,0.000000000,0.000000000,0.012924741
9,FINE_SCAN_I_FINE,mitp,i,5.050001,V,5.050001,-5.799999,1.519997,onboard,10,0.028929543,0.000000000,0.000000000,0.000000000,0.008771437
9,FINE_SCAN_I_FINE,mitp,i,5.060001,V,5.060001,-5.799999,1.519997,onboard,10,0.028576504,0.000000000,0.000000000,0.000000000,0.007509551
9,FINE_SCAN_I_FINE,mitp,i,5.070002,V,5.070002,-5.799999,1.519997,onboard,10,0.028127868,0.000000000,0.000000000,0.000000000,0.007343666
9,FINE_SCAN_I_FINE,mitp,i,5.080002,V,5.080002,-5.799999,1.519997,onboard,10,0.027652491,0.000000000,0.000000000,0.000000000,0.007203875
9,FINE_SCAN_I_FINE,mitp,i,5.090002,V,5.090002,-5.799999,1.519997,onboard,10,0.027196612,0.000000000,0.000000000,0.000000000,0.007063628
9,FINE_SCAN_I_FINE,mitp,i,5.100002,V,5.100002,-5.799999,1.519997,onboard,10,0.026779462,0.000000000,0.000000000,0.000000000,0.006913348
9,FINE_SCAN_I_FINE,mitp,i,5.110003,V,5.110003,-5.799999,1.519997,onboard,10,0.026276091,0.000000000,0.000000000,0.000000000,0.006758524
9,FINE_SCAN_I_FINE,mitp,i,5.120003,V,5.120003,-5.799999,1.519997,onboard,10,0.025760341,0.000000000,0.000000000,0.000000000,0.006627941
9,FINE_SCAN_I_FINE,mitp,i,5.130003,V,5.130003,-5.799999,1.519997,onboard,10,0.025230806,0.000000000,0.000000000,0.000000000,0.006497500
9,FINE_SCAN_I_FINE,mitp,i,5.140003,V,5.140003,-5.799999,1.519997,onboard,10,0.024688516,0.000000000,0.000000000,0.000000000,0.006347246
9,FINE_SCAN_I_FINE,mitp,i,5.150003,V,5.150003,-5.799999,1.519997,onboard,10,0.024174381,0.000000000,0.000000000,0.000000000,0.006198124
9,FINE_SCAN_I_FINE,mitp,i,5.160004,V,5.160004,-5.799999,1.519997,onboard,10,0.023618158,0.000000000,0.000000000,0.000000000,0.006045390
9,FINE_SCAN_I_FINE,mitp,i,5.170004,V,5.170004,-5.799999,1.519997,onboard,10,0.023109311,0.000000000,0.000000000,0.000000000,0.005908323
9,FINE_SCAN_I_FINE,mitp,i,5.180004,V,5.180004,-5.799999,1.519997,onboard,10,0.022585966,0.000000000,0.000000000,0.000000000,0.005783775
9,FINE_SCAN_I_FINE,mitp,i,5.190004,V,5.190004,-5.799999,1.519997,onboard,10,0.022053795,0.000000000,0.000000000,0.000000000,0.005658929
9,FINE_SCAN_I_FINE,mitp,i,5.200005,V,5.200005,-5.799999,1.519997,onboard,10,0.021531429,0.000000000,0.000000000,0.000000000,0.005532135
9,FINE_SCAN_I_FINE,mitp,i,5.210005,V,5.210005,-5.799999,1.519997,onboard,10,0.021013202,0.000000000,0.000000000,0.000000000,0.005391396
9,FINE_SCAN_I_FINE,mitp,i,5.220005,V,5.220005,-5.799999,1.519997,onboard,10,0.020458123,0.000000000,0.000000000,0.000000000,0.005255666
9,FINE_SCAN_I_FINE,mitp,i,5.230005,V,5.230005,-5.799999,1.519997,onboard,10,0.019900657,0.000000000,0.000000000,0.000000000,0.005133627
9,FINE_SCAN_I_FINE,mitp,i,5.240005,V,5.240005,-5.799999,1.519997,onboard,10,0.019388326,0.000000000,0.000000000,0.000000000,0.005028898
9,FINE_SCAN_I_FINE,mitp,i,5.250006,V,5.250006,-5.799999,1.519997,onboard,10,0.018898569,0.000000000,0.000000000,0.000000000,0.004920580
9,FINE_SCAN_I_FINE,mitp,i,5.260006,V,5.260006,-5.799999,1.519997,onboard,10,0.018408636,0.000000000,0.000000000,0.000000000,0.004814872
9,FINE_SCAN_I_FINE,mitp,i,5.270006,V,5.270006,-5.799999,1.519997,onboard,10,0.017864648,0.000000000,0.000000000,0.000000000,0.004702827
9,FINE_SCAN_I_FINE,mitp,i,5.280006,V,5.280006,-5.799999,1.519997,onboard,10,0.017320862,0.000000000,0.000000000,0.000000000,0.004590827
9,FINE_SCAN_I_FINE,mitp,i,5.290007,V,5.290007,-5.799999,1.519997,onboard,10,0.016812013,0.000000000,0.000000000,0.000000000,0.004486964
9,FINE_SCAN_I_FINE,mitp,i,5.300007,V,5.300007,-5.799999,1.519997,onboard,10,0.016259279,0.000000000,0.000000000,0.000000000,0.004371652
9,FINE_SCAN_I_FINE,mitp,i,5.310007,V,5.310007,-5.799999,1.519997,onboard,10,0.015732126,0.000000000,0.000000000,0.000000000,0.004258228
9,FINE_SCAN_I_FINE,mitp,i,5.320007,V,5.320007,-5.799999,1.519997,onboard,10,0.015166841,0.000000000,0.000000000,0.000000000,0.004157995
9,FINE_SCAN_I_FINE,mitp,i,5.330008,V,5.330008,-5.799999,1.519997,onboard,10,0.014612956,0.000000000,0.000000000,0.000000000,0.004077779
9,FINE_SCAN_I_FINE,mitp,i,5.340008,V,5.340008,-5.799999,1.519997,onboard,10,0.014075981,0.000000000,0.000000000,0.000000000,0.004003282
9,FINE_SCAN_I_FINE,mitp,i,5.350008,V,5.350008,-5.799999,1.519997,onboard,10,0.013537305,0.000000000,0.000000000,0.000000000,0.003933338
9,FINE_SCAN_I_FINE,mitp,i,5.360008,V,5.360008,-5.799999,1.519997,onboard,10,0.013006687,0.000000000,0.000000000,0.000000000,0.003857754
9,FINE_SCAN_I_FINE,mitp,i,5.370008,V,5.370008,-5.799999,1.519997,onboard,10,0.012447130,0.000000000,0.000000000,0.000000000,0.003780424
9,FINE_SCAN_I_FINE,mitp,i,5.380009,V,5.380009,-5.799999,1.519997,onboard,10,0.011871592,0.000000000,0.000000000,0.000000000,0.003694688
9,FINE_SCAN_I_FINE,mitp,i,5.390009,V,5.390009,-5.799999,1.519997,onboard,10,0.011350637,0.000000000,0.000000000,0.000000000,0.003615985
9,FINE_SCAN_I_FINE,mitp,i,5.400009,V,5.400009,-5.799999,1.519997,onboard,10,0.010817383,0.000000000,0.000000000,0.000000000,0.003553743
9,FINE_SCAN_I_FINE,mitp,i,5.410009,V,5.410009,-5.799999,1.519997,onboard,10,0.010314619,0.000000000,0.000000000,0.000000000,0.003491678
9,FINE_SCAN_I_FINE,mitp,i,5.420010,V,5.420010,-5.799999,1.519997,onboard,10,0.009781105,0.000000000,0.000000000,0.000000000,0.003430808
9,FINE_SCAN_I_FINE,mitp,i,5.430010,V,5.430010,-5.799999,1.519997,onboard,10,0.009211311,0.000000000,0.000000000,0.000000000,0.003378873
9,FINE_SCAN_I_FINE,mitp,i,5.440010,V,5.440010,-5.799999,1.519997,onboard,10,0.008662118,0.000000000,0.000000000,0.000000000,0.003317186
9,FINE_SCAN_I_FINE,mitp,i,5.450010,V,5.450010,-5.799999,1.519997,onboard,10,0.008119483,0.000000000,0.000000000,0.000000000,0.003257909
9,FINE_SCAN_I_FINE,mitp,i,5.460011,V,5.460011,-5.799999,1.519997,onboard,10,0.007571653,0.000000000,0.000000000,0.000000000,0.003218786
9,FINE_SCAN_I_FINE,mitp,i,5.470011,V,5.470011,-5.799999,1.519997,onboard,10,0.007011726,0.000000000,0.000000000,0.000000000,0.003175628
9,FINE_SCAN_I_FINE,mitp,i,5.480011,V,5.480011,-5.799999,1.519997,onboard,10,0.006433380,0.000000000,0.000000000,0.000000000,0.003130239
9,FINE_SCAN_I_FINE,mitp,i,5.490011,V,5.490011,-5.799999,1.519997,onboard,10,0.005896910,0.000000000,0.000000000,0.000000000,0.003090139
9,FINE_SCAN_I_FINE,mitp,i,5.500011,V,5.500011,-5.799999,1.519997,onboard,10,0.005346096,0.000000000,0.000000000,0.000000000,0.003045233
9,FINE_SCAN_I_FINE,mitp,i,5.510012,V,5.510012,-5.799999,1.519997,onboard,10,0.004807408,0.000000000,0.000000000,0.000000000,0.003010692
9,FINE_SCAN_I_FINE,mitp,i,5.520012,V,5.520012,-5.799999,1.519997,onboard,10,0.004257358,0.000000000,0.000000000,0.000000000,0.002978010
9,FINE_SCAN_I_FINE,mitp,i,5.530012,V,5.530012,-5.799999,1.519997,onboard,10,0.003695903,0.000000000,0.000000000,0.000000000,0.002943481
9,FINE_SCAN_I_FINE,mitp,i,5.540012,V,5.540012,-5.799999,1.519997,onboard,10,0.003172314,0.000000000,0.000000000,0.000000000,0.002914784
9,FINE_SCAN_I_FINE,mitp,i,5.550013,V,5.550013,-5.799999,1.519997,onboard,10,0.002630901,0.000000000,0.000000000,0.000000000,0.002893120
9,FINE_SCAN_I_FINE,mitp,i,5.560013,V,5.560013,-5.799999,1.519997,onboard,10,0.002105000,0.000000000,0.000000000,0.000000000,0.002875711
9,FINE_SCAN_I_FINE,mitp,i,5.570013,V,5.570013,-5.799999,1.519997,onboard,10,0.001568842,0.000000000,0.000000000,0.000000000,0.002861830
9,FINE_SCAN_I_FINE,mitp,i,5.580013,V,5.580013,-5.799999,1.519997,onboard,10,0.001013986,0.000000000,0.000000000,0.000000000,0.002848655
9,FINE_SCAN_I_FINE,mitp,i,5.590014,V,5.590014,-5.799999,1.519997,onboard,10,0.000475619,0.000000000,0.000000000,0.000000000,0.002839238
9,FINE_SCAN_I_FINE,mitp,i,5.600014,V,5.600014,-5.799999,1.519997,onboard,10,0.000108129,0.000000000,0.000000000,0.000000000,0.002829708
9,FINE_SCAN_I_FINE,mitp,i,5.610014,V,5.610014,-5.799999,1.519997,onboard,10,0.000629282,0.000000000,0.000000000,0.000000000,0.002817960
9,FINE_SCAN_I_FINE,mitp,i,5.620014,V,5.620014,-5.799999,1.519997,onboard,10,0.001180484,0.000000000,0.000000000,0.000000000,0.002803642
9,FINE_SCAN_I_FINE,mitp,i,5.630014,V,5.630014,-5.799999,1.519997,onboard,10,0.001753822,0.000000000,0.000000000,0.000000000,0.002794226
9,FINE_SCAN_I_FINE,mitp,i,5.640015,V,5.640015,-5.799999,1.519997,onboard,10,0.002297910,0.000000000,0.000000000,0.000000000,0.002798756
9,FINE_SCAN_I_FINE,mitp,i,5.650015,V,5.650015,-5.799999,1.519997,onboard,10,0.002864750,0.000000000,0.000000000,0.000000000,0.002829947
9,FINE_SCAN_I_FINE,mitp,i,5.660015,V,5.660015,-5.799999,1.519997,onboard,10,0.003401197,0.000000000,0.000000000,0.000000000,0.002862197
9,FINE_SCAN_I_FINE,mitp,i,5.670015,V,5.670015,-5.799999,1.519997,onboard,10,0.003947009,0.000000000,0.000000000,0.000000000,0.002894479
9,FINE_SCAN_I_FINE,mitp,i,5.680016,V,5.680016,-5.799999,1.519997,onboard,10,0.004507317,0.000000000,0.000000000,0.000000000,0.002890063
9,FINE_SCAN_I_FINE,mitp,i,5.690016,V,5.690016,-5.799999,1.519997,onboard,10,0.005030595,0.000000000,0.000000000,0.000000000,0.002924934
9,FINE_SCAN_I_FINE,mitp,i,5.700016,V,5.700016,-5.799999,1.519997,onboard,10,0.005555089,0.000000000,0.000000000,0.000000000,0.002953474
9,FINE_SCAN_I_FINE,mitp,i,5.710016,V,5.710016,-5.799999,1.519997,onboard,10,0.006075562,0.000000000,0.000000000,0.000000000,0.002974933
9,FINE_SCAN_I_FINE,mitp,i,5.720016,V,5.720016,-5.799999,1.519997,onboard,10,0.006615660,0.000000000,0.000000000,0.000000000,0.002991548
9,FINE_SCAN_I_FINE,mitp,i,5.730017,V,5.730017,-5.799999,1.519997,onboard,10,0.007188735,0.000000000,0.000000000,0.000000000,0.003029918
9,FINE_SCAN_I_FINE,mitp,i,5.740017,V,5.740017,-5.799999,1.519997,onboard,10,0.007730092,0.000000000,0.000000000,0.000000000,0.003073069
9,FINE_SCAN_I_FINE,mitp,i,5.750017,V,5.750017,-5.799999,1.519997,onboard,10,0.008275874,0.000000000,0.000000000,0.000000000,0.003119513
9,FINE_SCAN_I_FINE,mitp,i,5.760017,V,5.760017,-5.799999,1.519997,onboard,10,0.008818936,0.000000000,0.000000000,0.000000000,0.003164952
9,FINE_SCAN_I_FINE,mitp,i,5.770018,V,5.770018,-5.799999,1.519997,onboard,10,0.009379590,0.000000000,0.000000000,0.000000000,0.003198250
9,FINE_SCAN_I_FINE,mitp,i,5.780018,V,5.780018,-5.799999,1.519997,onboard,10,0.009958360,0.000000000,0.000000000,0.000000000,0.003220775
9,FINE_SCAN_I_FINE,mitp,i,5.790018,V,5.790018,-5.799999,1.519997,onboard,10,0.010501092,0.000000000,0.000000000,0.000000000,0.003269353
9,FINE_SCAN_I_FINE,mitp,i,5.800018,V,5.800018,-5.799999,1.519997,onboard,10,0.011065087,0.000000000,0.000000000,0.000000000,0.003340184
9,FINE_SCAN_I_FINE,mitp,i,5.810019,V,5.810019,-5.799999,1.519997,onboard,10,0.011612512,0.000000000,0.000000000,0.000000000,0.003411341
9,FINE_SCAN_I_FINE,mitp,i,5.820019,V,5.820019,-5.799999,1.519997,onboard,10,0.012166460,0.000000000,0.000000000,0.000000000,0.003471749
9,FINE_SCAN_I_FINE,mitp,i,5.830019,V,5.830019,-5.799999,1.519997,onboard,10,0.012718683,0.000000000,0.000000000,0.000000000,0.003537890
9,FINE_SCAN_I_FINE,mitp,i,5.840019,V,5.840019,-5.799999,1.519997,onboard,10,0.013254844,0.000000000,0.000000000,0.000000000,0.003616416
9,FINE_SCAN_I_FINE,mitp,i,5.850019,V,5.850019,-5.799999,1.519997,onboard,10,0.013773115,0.000000000,0.000000000,0.000000000,0.003698889
9,FINE_SCAN_I_FINE,mitp,i,5.860020,V,5.860020,-5.799999,1.519997,onboard,10,0.014287350,0.000000000,0.000000000,0.000000000,0.003778454
9,FINE_SCAN_I_FINE,mitp,i,5.870020,V,5.870020,-5.799999,1.519997,onboard,10,0.014839627,0.000000000,0.000000000,0.000000000,0.003856245
9,FINE_SCAN_I_FINE,mitp,i,5.880020,V,5.880020,-5.799999,1.519997,onboard,10,0.015424736,0.000000000,0.000000000,0.000000000,0.003929381
9,FINE_SCAN_I_FINE,mitp,i,5.890020,V,5.890020,-5.799999,1.519997,onboard,10,0.015977424,0.000000000,0.000000000,0.000000000,0.004007492
9,FINE_SCAN_I_FINE,mitp,i,5.900021,V,5.900021,-5.799999,1.519997,onboard,10,0.016529525,0.000000000,0.000000000,0.000000000,0.004090090
9,FINE_SCAN_I_FINE,mitp,i,5.910021,V,5.910021,-5.799999,1.519997,onboard,10,0.017076785,0.000000000,0.000000000,0.000000000,0.004184153
9,FINE_SCAN_I_FINE,mitp,i,5.920021,V,5.920021,-5.799999,1.519997,onboard,10,0.017612694,0.000000000,0.000000000,0.000000000,0.004280843
9,FINE_SCAN_I_FINE,mitp,i,5.930021,V,5.930021,-5.799999,1.519997,onboard,10,0.018194705,0.000000000,0.000000000,0.000000000,0.004383233
9,FINE_SCAN_I_FINE,mitp,i,5.940022,V,5.940022,-5.799999,1.519997,onboard,10,0.018731099,0.000000000,0.000000000,0.000000000,0.004491189
9,FINE_SCAN_I_FINE,mitp,i,5.950022,V,5.950022,-5.799999,1.519997,onboard,10,0.019269209,0.000000000,0.000000000,0.000000000,0.004587538
9,FINE_SCAN_I_FINE,mitp,i,5.960022,V,5.960022,-5.799999,1.519997,onboard,10,0.019797189,0.000000000,0.000000000,0.000000000,0.004686705
9,FINE_SCAN_I_FINE,mitp,i,5.970022,V,5.970022,-5.799999,1.519997,onboard,10,0.020349646,0.000000000,0.000000000,0.000000000,0.004810186
9,FINE_SCAN_I_FINE,mitp,i,5.980022,V,5.980022,-5.799999,1.519997,onboard,10,0.020892048,0.000000000,0.000000000,0.000000000,0.004934955
9,FINE_SCAN_I_FINE,mitp,i,5.990023,V,5.990023,-5.799999,1.519997,onboard,10,0.021385854,0.000000000,0.000000000,0.000000000,0.005036118
9,FINE_SCAN_I_FINE,mitp,i,6.000023,V,6.000023,-5.799999,1.519997,onboard,10,0.021869190,0.000000000,0.000000000,0.000000000,0.005176547
9,FINE_SCAN_I_FINE,mitp,i,6.010023,V,6.010023,-5.799999,1.519997,onboard,10,0.022359271,0.000000000,0.000000000,0.000000000,0.005289040
9,FINE_SCAN_I_FINE,mitp,i,6.020023,V,6.020023,-5.799999,1.519997,onboard,10,0.022868672,0.000000000,0.000000000,0.000000000,0.005424076
9,FINE_SCAN_I_FINE,mitp,i,6.030024,V,6.030024,-5.799999,1.519997,onboard,10,0.023452993,0.000000000,0.000000000,0.000000000,0.005548144
9,FINE_SCAN_I_FINE,mitp,i,6.040024,V,6.040024,-5.799999,1.519997,onboard,10,0.023993917,0.000000000,0.000000000,0.000000000,0.005667218
9,FINE_SCAN_I_FINE,mitp,i,6.050024,V,6.050024,-5.799999,1.519997,onboard,10,0.024552807,0.000000000,0.000000000,0.000000000,0.005795040
9,FINE_SCAN_I_FINE,mitp,i,6.060024,V,6.060024,-5.799999,1.519997,onboard,10,0.025060257,0.000000000,0.000000000,0.000000000,0.005904481
9,FINE_SCAN_I_FINE,mitp,i,6.070024,V,6.070024,-5.799999,1.519997,onboard,10,0.025634870,0.000000000,0.000000000,0.000000000,0.006043540
9,FINE_SCAN_I_FINE,mitp,i,6.080025,V,6.080025,-5.799999,1.519997,onboard,10,0.026167026,0.000000000,0.000000000,0.000000000,0.006187928
9,FINE_SCAN_I_FINE,mitp,i,6.090025,V,6.090025,-5.799999,1.519997,onboard,10,0.026702493,0.000000000,0.000000000,0.000000000,0.006328247
9,FINE_SCAN_I_FINE,mitp,i,6.100025,V,6.100025,-5.799999,1.519997,onboard,10,0.027229607,0.000000000,0.000000000,0.000000000,0.006468187
9,FINE_SCAN_I_FINE,mitp,i,6.110025,V,6.110025,-5.799999,1.519997,onboard,10,0.027759856,0.000000000,0.000000000,0.000000000,0.006600540
9,FINE_SCAN_I_FINE,mitp,i,6.120026,V,6.120026,-5.799999,1.519997,onboard,10,0.028331617,0.000000000,0.000000000,0.000000000,0.006779363
9,FINE_SCAN_I_FINE,mitp,i,6.130026,V,6.130026,-5.799999,1.519997,onboard,10,0.028906375,0.000000000,0.000000000,0.000000000,0.006964547
9,FINE_SCAN_I_FINE,mitp,i,6.140026,V,6.140026,-5.799999,1.519997,onboard,10,0.029447708,0.000000000,0.000000000,0.000000000,0.007140961
9,FINE_SCAN_I_FINE,mitp,i,6.150026,V,6.150026,-5.799999,1.519997,onboard,10,0.029970234,0.000000000,0.000000000,0.000000000,0.007306076
9,FINE_SCAN_I_FINE,mitp,i,6.160027,V,6.160027,-5.799999,1.519997,onboard,10,0.030475009,0.000000000,0.000000000,0.000000000,0.007474343
9,FINE_SCAN_I_FINE,mitp,i,6.170027,V,6.170027,-5.799999,1.519997,onboard,10,0.030964117,0.000000000,0.000000000,0.000000000,0.007659596
9,FINE_SCAN_I_FINE,mitp,i,6.180027,V,6.180027,-5.799999,1.519997,onboard,10,0.031512536,0.000000000,0.000000000,0.000000000,0.007783927
9,FINE_SCAN_I_FINE,mitp,i,6.190027,V,6.190027,-5.799999,1.519997,onboard,10,0.032126695,0.000000000,0.000000000,0.000000000,0.007946640
9,FINE_SCAN_I_FINE,mitp,i,6.200027,V,6.200027,-5.799999,1.519997,onboard,10,0.032707088,0.000000000,0.000000000,0.000000000,0.008209454
9,FINE_SCAN_I_FINE,mitp,i,6.210028,V,6.210028,-5.799999,1.519997,onboard,10,0.033268429,0.000000000,0.000000000,0.000000000,0.008397996
9,FINE_SCAN_I_FINE,mitp,i,6.220028,V,6.220028,-5.799999,1.519997,onboard,10,0.033755608,0.000000000,0.000000000,0.000000000,0.008565915
9,FINE_SCAN_I_FINE,mitp,i,6.230028,V,6.230028,-5.799999,1.519997,onboard,10,0.034356676,0.000000000,0.000000000,0.000000000,0.008744197
9,FINE_SCAN_I_FINE,mitp,i,6.240028,V,6.240028,-5.799999,1.519997,onboard,10,0.034889381,0.000000000,0.000000000,0.000000000,0.008948275
10,FINE_SCAN_Q_WIDE,mitp,q,-7.799999,V,5.600014,-7.799999,1.519997,onboard,10,0.000000000,0.074971393,0.000000000,0.000000000,0.025732461
10,FINE_SCAN_Q_WIDE,mitp,q,-7.749999,V,5.600014,-7.749999,1.519997,onboard,10,0.000000000,0.073097728,0.000000000,0.000000000,0.029333588
10,FINE_SCAN_Q_WIDE,mitp,q,-7.699998,V,5.600014,-7.699998,1.519997,onboard,10,0.000000000,0.071039602,0.000000000,0.000000000,0.027608361
10,FINE_SCAN_Q_WIDE,mitp,q,-7.649998,V,5.600014,-7.649998,1.519997,onboard,10,0.000000000,0.068735376,0.000000000,0.000000000,0.025667196
10,FINE_SCAN_Q_WIDE,mitp,q,-7.599998,V,5.600014,-7.599998,1.519997,onboard,10,0.000000000,0.066417001,0.000000000,0.000000000,0.023731263
10,FINE_SCAN_Q_WIDE,mitp,q,-7.549998,V,5.600014,-7.549998,1.519997,onboard,10,0.000000000,0.064158320,0.000000000,0.000000000,0.021869451
10,FINE_SCAN_Q_WIDE,mitp,q,-7.499998,V,5.600014,-7.499998,1.519997,onboard,10,0.000000000,0.061736137,0.000000000,0.000000000,0.020051142
10,FINE_SCAN_Q_WIDE,mitp,q,-7.449997,V,5.600014,-7.449997,1.519997,onboard,10,0.000000000,0.059279941,0.000000000,0.000000000,0.018296115
10,FINE_SCAN_Q_WIDE,mitp,q,-7.399997,V,5.600014,-7.399997,1.519997,onboard,10,0.000000000,0.056762867,0.000000000,0.000000000,0.016612163
10,FINE_SCAN_Q_WIDE,mitp,q,-7.349997,V,5.600014,-7.349997,1.519997,onboard,10,0.000000000,0.054299392,0.000000000,0.000000000,0.014967101
10,FINE_SCAN_Q_WIDE,mitp,q,-7.299997,V,5.600014,-7.299997,1.519997,onboard,10,0.000000000,0.051817738,0.000000000,0.000000000,0.013424536
10,FINE_SCAN_Q_WIDE,mitp,q,-7.249997,V,5.600014,-7.249997,1.519997,onboard,10,0.000000000,0.049277902,0.000000000,0.000000000,0.011957461
10,FINE_SCAN_Q_WIDE,mitp,q,-7.199996,V,5.600014,-7.199996,1.519997,onboard,10,0.000000000,0.046787944,0.000000000,0.000000000,0.010551939
10,FINE_SCAN_Q_WIDE,mitp,q,-7.149996,V,5.600014,-7.149996,1.519997,onboard,10,0.000000000,0.044180617,0.000000000,0.000000000,0.009202549
10,FINE_SCAN_Q_WIDE,mitp,q,-7.099996,V,5.600014,-7.099996,1.519997,onboard,10,0.000000000,0.041575238,0.000000000,0.000000000,0.007940557
10,FINE_SCAN_Q_WIDE,mitp,q,-7.049996,V,5.600014,-7.049996,1.519997,onboard,10,0.000000000,0.039080653,0.000000000,0.000000000,0.006737481
10,FINE_SCAN_Q_WIDE,mitp,q,-6.999996,V,5.600014,-6.999996,1.519997,onboard,10,0.000000000,0.036441784,0.000000000,0.000000000,0.005592302
10,FINE_SCAN_Q_WIDE,mitp,q,-6.949996,V,5.600014,-6.949996,1.519997,onboard,10,0.000000000,0.033790193,0.000000000,0.000000000,0.004548619
10,FINE_SCAN_Q_WIDE,mitp,q,-6.899995,V,5.600014,-6.899995,1.519997,onboard,10,0.000000000,0.031238154,0.000000000,0.000000000,0.003585725
10,FINE_SCAN_Q_WIDE,mitp,q,-6.849995,V,5.600014,-6.849995,1.519997,onboard,10,0.000000000,0.028586363,0.000000000,0.000000000,0.002691387
10,FINE_SCAN_Q_WIDE,mitp,q,-6.799995,V,5.600014,-6.799995,1.519997,onboard,10,0.000000000,0.025884677,0.000000000,0.000000000,0.001873947
10,FINE_SCAN_Q_WIDE,mitp,q,-6.749995,V,5.600014,-6.749995,1.519997,onboard,10,0.000000000,0.023283932,0.000000000,0.000000000,0.001130961
10,FINE_SCAN_Q_WIDE,mitp,q,-6.699995,V,5.600014,-6.699995,1.519997,onboard,10,0.000000000,0.020595510,0.000000000,0.000000000,0.000470828
10,FINE_SCAN_Q_WIDE,mitp,q,-6.649994,V,5.600014,-6.649994,1.519997,onboard,10,0.000000000,0.017883908,0.000000000,0.000000000,-0.000122105
10,FINE_SCAN_Q_WIDE,mitp,q,-6.599994,V,5.600014,-6.599994,1.519997,onboard,10,0.000000000,0.015264648,0.000000000,0.000000000,-0.000679590
10,FINE_SCAN_Q_WIDE,mitp,q,-6.549994,V,5.600014,-6.549994,1.519997,onboard,10,0.000000000,0.012556282,0.000000000,0.000000000,-0.001114076
10,FINE_SCAN_Q_WIDE,mitp,q,-6.499994,V,5.600014,-6.499994,1.519997,onboard,10,0.000000000,0.009844560,0.000000000,0.000000000,-0.001451004
10,FINE_SCAN_Q_WIDE,mitp,q,-6.449994,V,5.600014,-6.449994,1.519997,onboard,10,0.000000000,0.007192849,0.000000000,0.000000000,-0.001703455
10,FINE_SCAN_Q_WIDE,mitp,q,-6.399993,V,5.600014,-6.399993,1.519997,onboard,10,0.000000000,0.004461884,0.000000000,0.000000000,-0.001866638
10,FINE_SCAN_Q_WIDE,mitp,q,-6.349993,V,5.600014,-6.349993,1.519997,onboard,10,0.000000000,0.001741395,0.000000000,0.000000000,-0.002005887
10,FINE_SCAN_Q_WIDE,mitp,q,-6.299993,V,5.600014,-6.299993,1.519997,onboard,10,0.000000000,0.000922203,0.000000000,0.000000000,-0.002051485
10,FINE_SCAN_Q_WIDE,mitp,q,-6.249993,V,5.600014,-6.249993,1.519997,onboard,10,0.000000000,0.003649756,0.000000000,0.000000000,-0.002002954
10,FINE_SCAN_Q_WIDE,mitp,q,-6.199993,V,5.600014,-6.199993,1.519997,onboard,10,0.000000000,0.006370892,0.000000000,0.000000000,-0.001871831
10,FINE_SCAN_Q_WIDE,mitp,q,-6.149992,V,5.600014,-6.149992,1.519997,onboard,10,0.000000000,0.009024379,0.000000000,0.000000000,-0.001663196
10,FINE_SCAN_Q_WIDE,mitp,q,-6.099992,V,5.600014,-6.099992,1.519997,onboard,10,0.000000000,0.011726389,0.000000000,0.000000000,-0.001364868
10,FINE_SCAN_Q_WIDE,mitp,q,-6.049992,V,5.600014,-6.049992,1.519997,onboard,10,0.000000000,0.014464319,0.000000000,0.000000000,-0.000978433
10,FINE_SCAN_Q_WIDE,mitp,q,-5.999992,V,5.600014,-5.999992,1.519997,onboard,10,0.000000000,0.017088493,0.000000000,0.000000000,-0.000516162
10,FINE_SCAN_Q_WIDE,mitp,q,-5.949992,V,5.600014,-5.949992,1.519997,onboard,10,0.000000000,0.019779507,0.000000000,0.000000000,0.000013642
10,FINE_SCAN_Q_WIDE,mitp,q,-5.899992,V,5.600014,-5.899992,1.519997,onboard,10,0.000000000,0.022499885,0.000000000,0.000000000,0.000591577
10,FINE_SCAN_Q_WIDE,mitp,q,-5.849991,V,5.600014,-5.849991,1.519997,onboard,10,0.000000000,0.025052274,0.000000000,0.000000000,0.001279865
10,FINE_SCAN_Q_WIDE,mitp,q,-5.799991,V,5.600014,-5.799991,1.519997,onboard,10,0.000000000,0.027750973,0.000000000,0.000000000,0.002041877
10,FINE_SCAN_Q_WIDE,mitp,q,-5.749991,V,5.600014,-5.749991,1.519997,onboard,10,0.000000000,0.030425092,0.000000000,0.000000000,0.002905198
10,FINE_SCAN_Q_WIDE,mitp,q,-5.699991,V,5.600014,-5.699991,1.519997,onboard,10,0.000000000,0.032944098,0.000000000,0.000000000,0.003813220
10,FINE_SCAN_Q_WIDE,mitp,q,-5.649991,V,5.600014,-5.649991,1.519997,onboard,10,0.000000000,0.035623662,0.000000000,0.000000000,0.004800316
10,FINE_SCAN_Q_WIDE,mitp,q,-5.599990,V,5.600014,-5.599990,1.519997,onboard,10,0.000000000,0.038262852,0.000000000,0.000000000,0.005893680
10,FINE_SCAN_Q_WIDE,mitp,q,-5.549990,V,5.600014,-5.549990,1.519997,onboard,10,0.000000000,0.040722601,0.000000000,0.000000000,0.007034796
10,FINE_SCAN_Q_WIDE,mitp,q,-5.499990,V,5.600014,-5.499990,1.519997,onboard,10,0.000000000,0.043383028,0.000000000,0.000000000,0.008285424
10,FINE_SCAN_Q_WIDE,mitp,q,-5.449990,V,5.600014,-5.449990,1.519997,onboard,10,0.000000000,0.045923397,0.000000000,0.000000000,0.009609053
10,FINE_SCAN_Q_WIDE,mitp,q,-5.399990,V,5.600014,-5.399990,1.519997,onboard,10,0.000000000,0.048332315,0.000000000,0.000000000,0.010952304
10,FINE_SCAN_Q_WIDE,mitp,q,-5.349989,V,5.600014,-5.349989,1.519997,onboard,10,0.000000000,0.050935470,0.000000000,0.000000000,0.012409152
10,FINE_SCAN_Q_WIDE,mitp,q,-5.299989,V,5.600014,-5.299989,1.519997,onboard,10,0.000000000,0.053487487,0.000000000,0.000000000,0.013956025
10,FINE_SCAN_Q_WIDE,mitp,q,-5.249989,V,5.600014,-5.249989,1.519997,onboard,10,0.000000000,0.055879809,0.000000000,0.000000000,0.015554316
10,FINE_SCAN_Q_WIDE,mitp,q,-5.199989,V,5.600014,-5.199989,1.519997,onboard,10,0.000000000,0.058426522,0.000000000,0.000000000,0.017249119
10,FINE_SCAN_Q_WIDE,mitp,q,-5.149989,V,5.600014,-5.149989,1.519997,onboard,10,0.000000000,0.060857605,0.000000000,0.000000000,0.019016784
10,FINE_SCAN_Q_WIDE,mitp,q,-5.099988,V,5.600014,-5.099988,1.519997,onboard,10,0.000000000,0.063312761,0.000000000,0.000000000,0.020854022
10,FINE_SCAN_Q_WIDE,mitp,q,-5.049988,V,5.600014,-5.049988,1.519997,onboard,10,0.000000000,0.065743200,0.000000000,0.000000000,0.022735495
10,FINE_SCAN_Q_WIDE,mitp,q,-4.999988,V,5.600014,-4.999988,1.519997,onboard,10,0.000000000,0.068063788,0.000000000,0.000000000,0.024706118
10,FINE_SCAN_Q_WIDE,mitp,q,-4.949988,V,5.600014,-4.949988,1.519997,onboard,10,0.000000000,0.070386201,0.000000000,0.000000000,0.026744220
10,FINE_SCAN_Q_WIDE,mitp,q,-4.899988,V,5.600014,-4.899988,1.519997,onboard,10,0.000000000,0.072504744,0.000000000,0.000000000,0.028817743
10,FINE_SCAN_Q_WIDE,mitp,q,-4.849988,V,5.600014,-4.849988,1.519997,onboard,10,0.000000000,0.074839197,0.000000000,0.000000000,0.031000320
10,FINE_SCAN_Q_WIDE,mitp,q,-4.799987,V,5.600014,-4.799987,1.519997,onboard,10,0.000000000,0.077168629,0.000000000,0.000000000,0.033279121
10,FINE_SCAN_Q_WIDE,mitp,q,-4.749987,V,5.600014,-4.749987,1.519997,onboard,10,0.000000000,0.079276763,0.000000000,0.000000000,0.035605662
10,FINE_SCAN_Q_WIDE,mitp,q,-4.699987,V,5.600014,-4.699987,1.519997,onboard,10,0.000000000,0.081514344,0.000000000,0.000000000,0.037987456
10,FINE_SCAN_Q_WIDE,mitp,q,-4.649987,V,5.600014,-4.649987,1.519997,onboard,10,0.000000000,0.083759412,0.000000000,0.000000000,0.040444084
10,FINE_SCAN_Q_WIDE,mitp,q,-4.599987,V,5.600014,-4.599987,1.519997,onboard,10,0.000000000,0.085642040,0.000000000,0.000000000,0.042956155
10,FINE_SCAN_Q_WIDE,mitp,q,-4.549986,V,5.600014,-4.549986,1.519997,onboard,10,0.000000000,0.087933831,0.000000000,0.000000000,0.045538887
10,FINE_SCAN_Q_WIDE,mitp,q,-4.499986,V,5.600014,-4.499986,1.519997,onboard,10,0.000000000,0.090076044,0.000000000,0.000000000,0.048197739
10,FINE_SCAN_Q_WIDE,mitp,q,-4.449986,V,5.600014,-4.449986,1.519997,onboard,10,0.000000000,0.091854937,0.000000000,0.000000000,0.050885338
10,FINE_SCAN_Q_WIDE,mitp,q,-4.399986,V,5.600014,-4.399986,1.519997,onboard,10,0.000000000,0.094108552,0.000000000,0.000000000,0.053642731
10,FINE_SCAN_Q_WIDE,mitp,q,-4.349986,V,5.600014,-4.349986,1.519997,onboard,10,0.000000000,0.096103311,0.000000000,0.000000000,0.056487821
10,FINE_SCAN_Q_WIDE,mitp,q,-4.299985,V,5.600014,-4.299985,1.519997,onboard,10,0.000000000,0.097787187,0.000000000,0.000000000,0.059354484
10,FINE_SCAN_Q_WIDE,mitp,q,-4.249985,V,5.600014,-4.249985,1.519997,onboard,10,0.000000000,0.099837556,0.000000000,0.000000000,0.062285315
10,FINE_SCAN_Q_WIDE,mitp,q,-4.199985,V,5.600014,-4.199985,1.519997,onboard,10,0.000000000,0.101627484,0.000000000,0.000000000,0.065250620
10,FINE_SCAN_Q_WIDE,mitp,q,-4.149985,V,5.600014,-4.149985,1.519997,onboard,10,0.000000000,0.103318468,0.000000000,0.000000000,0.068366989
10,FINE_SCAN_Q_WIDE,mitp,q,-4.099985,V,5.600014,-4.099985,1.519997,onboard,10,0.000000000,0.105259441,0.000000000,0.000000000,0.071456254
10,FINE_SCAN_Q_WIDE,mitp,q,-4.049984,V,5.600014,-4.049984,1.519997,onboard,10,0.000000000,0.107015625,0.000000000,0.000000000,0.074599601
10,FINE_SCAN_Q_WIDE,mitp,q,-3.999985,V,5.600014,-3.999985,1.519997,onboard,10,0.000000000,0.108652495,0.000000000,0.000000000,0.077835374
10,FINE_SCAN_Q_WIDE,mitp,q,-3.949985,V,5.600014,-3.949985,1.519997,onboard,10,0.000000000,0.110489801,0.000000000,0.000000000,0.081108689
10,FINE_SCAN_Q_WIDE,mitp,q,-3.899985,V,5.600014,-3.899985,1.519997,onboard,10,0.000000000,0.112031639,0.000000000,0.000000000,0.084433496
10,FINE_SCAN_Q_WIDE,mitp,q,-3.849985,V,5.600014,-3.849985,1.519997,onboard,10,0.000000000,0.113426246,0.000000000,0.000000000,0.087729350
11,FINE_SCAN_Q_FINE,mitp,q,-6.899993,V,5.600014,-6.899993,1.519997,onboard,10,0.000000000,0.029094860,0.000000000,0.000000000,0.022912007
11,FINE_SCAN_Q_FINE,mitp,q,-6.889993,V,5.600014,-6.889993,1.519997,onboard,10,0.000000000,0.029504597,0.000000000,0.000000000,0.003708705
11,FINE_SCAN_Q_FINE,mitp,q,-6.879992,V,5.600014,-6.879992,1.519997,onboard,10,0.000000000,0.029266868,0.000000000,0.000000000,0.002847527
11,FINE_SCAN_Q_FINE,mitp,q,-6.869992,V,5.600014,-6.869992,1.519997,onboard,10,0.000000000,0.028899569,0.000000000,0.000000000,0.002663436
11,FINE_SCAN_Q_FINE,mitp,q,-6.859992,V,5.600014,-6.859992,1.519997,onboard,10,0.000000000,0.028516719,0.000000000,0.000000000,0.002515425
11,FINE_SCAN_Q_FINE,mitp,q,-6.849992,V,5.600014,-6.849992,1.519997,onboard,10,0.000000000,0.028054718,0.000000000,0.000000000,0.002362162
11,FINE_SCAN_Q_FINE,mitp,q,-6.839992,V,5.600014,-6.839992,1.519997,onboard,10,0.000000000,0.027653292,0.000000000,0.000000000,0.002224726
11,FINE_SCAN_Q_FINE,mitp,q,-6.829991,V,5.600014,-6.829991,1.519997,onboard,10,0.000000000,0.027194012,0.000000000,0.000000000,0.002085114
11,FINE_SCAN_Q_FINE,mitp,q,-6.819991,V,5.600014,-6.819991,1.519997,onboard,10,0.000000000,0.026713923,0.000000000,0.000000000,0.001946507
11,FINE_SCAN_Q_FINE,mitp,q,-6.809991,V,5.600014,-6.809991,1.519997,onboard,10,0.000000000,0.026210135,0.000000000,0.000000000,0.001809486
11,FINE_SCAN_Q_FINE,mitp,q,-6.799991,V,5.600014,-6.799991,1.519997,onboard,10,0.000000000,0.025737127,0.000000000,0.000000000,0.001676831
11,FINE_SCAN_Q_FINE,mitp,q,-6.789990,V,5.600014,-6.789990,1.519997,onboard,10,0.000000000,0.025282294,0.000000000,0.000000000,0.001537188
11,FINE_SCAN_Q_FINE,mitp,q,-6.779990,V,5.600014,-6.779990,1.519997,onboard,10,0.000000000,0.024817429,0.000000000,0.000000000,0.001393712
11,FINE_SCAN_Q_FINE,mitp,q,-6.769990,V,5.600014,-6.769990,1.519997,onboard,10,0.000000000,0.024377154,0.000000000,0.000000000,0.001251148
11,FINE_SCAN_Q_FINE,mitp,q,-6.759990,V,5.600014,-6.759990,1.519997,onboard,10,0.000000000,0.023879454,0.000000000,0.000000000,0.001108983
11,FINE_SCAN_Q_FINE,mitp,q,-6.749990,V,5.600014,-6.749990,1.519997,onboard,10,0.000000000,0.023383405,0.000000000,0.000000000,0.000978948
11,FINE_SCAN_Q_FINE,mitp,q,-6.739989,V,5.600014,-6.739989,1.519997,onboard,10,0.000000000,0.022882560,0.000000000,0.000000000,0.000856821
11,FINE_SCAN_Q_FINE,mitp,q,-6.729989,V,5.600014,-6.729989,1.519997,onboard,10,0.000000000,0.022351677,0.000000000,0.000000000,0.000734697
11,FINE_SCAN_Q_FINE,mitp,q,-6.719989,V,5.600014,-6.719989,1.519997,onboard,10,0.000000000,0.021857912,0.000000000,0.000000000,0.000616301
11,FINE_SCAN_Q_FINE,mitp,q,-6.709989,V,5.600014,-6.709989,1.519997,onboard,10,0.000000000,0.021367012,0.000000000,0.000000000,0.000497543
11,FINE_SCAN_Q_FINE,mitp,q,-6.699988,V,5.600014,-6.699988,1.519997,onboard,10,0.000000000,0.020844376,0.000000000,0.000000000,0.000379848
11,FINE_SCAN_Q_FINE,mitp,q,-6.689988,V,5.600014,-6.689988,1.519997,onboard,10,0.000000000,0.020338323,0.000000000,0.000000000,0.000267245
11,FINE_SCAN_Q_FINE,mitp,q,-6.679988,V,5.600014,-6.679988,1.519997,onboard,10,0.000000000,0.019823432,0.000000000,0.000000000,0.000153818
11,FINE_SCAN_Q_FINE,mitp,q,-6.669988,V,5.600014,-6.669988,1.519997,onboard,10,0.000000000,0.019315910,0.000000000,0.000000000,0.000033851
11,FINE_SCAN_Q_FINE,mitp,q,-6.659987,V,5.600014,-6.659987,1.519997,onboard,10,0.000000000,0.018791357,0.000000000,0.000000000,-0.000072368
11,FINE_SCAN_Q_FINE,mitp,q,-6.649987,V,5.600014,-6.649987,1.519997,onboard,10,0.000000000,0.018262047,0.000000000,0.000000000,-0.000199969
11,FINE_SCAN_Q_FINE,mitp,q,-6.639987,V,5.600014,-6.639987,1.519997,onboard,10,0.000000000,0.017752808,0.000000000,0.000000000,-0.000287849
11,FINE_SCAN_Q_FINE,mitp,q,-6.629987,V,5.600014,-6.629987,1.519997,onboard,10,0.000000000,0.017255774,0.000000000,0.000000000,-0.000381860
11,FINE_SCAN_Q_FINE,mitp,q,-6.619987,V,5.600014,-6.619987,1.519997,onboard,10,0.000000000,0.016765077,0.000000000,0.000000000,-0.000479815
11,FINE_SCAN_Q_FINE,mitp,q,-6.609986,V,5.600014,-6.609986,1.519997,onboard,10,0.000000000,0.016268320,0.000000000,0.000000000,-0.000588506
11,FINE_SCAN_Q_FINE,mitp,q,-6.599986,V,5.600014,-6.599986,1.519997,onboard,10,0.000000000,0.015750190,0.000000000,0.000000000,-0.000700123
11,FINE_SCAN_Q_FINE,mitp,q,-6.589986,V,5.600014,-6.589986,1.519997,onboard,10,0.000000000,0.015226193,0.000000000,0.000000000,-0.000804358
11,FINE_SCAN_Q_FINE,mitp,q,-6.579986,V,5.600014,-6.579986,1.519997,onboard,10,0.000000000,0.014694427,0.000000000,0.000000000,-0.000895992
11,FINE_SCAN_Q_FINE,mitp,q,-6.569985,V,5.600014,-6.569985,1.519997,onboard,10,0.000000000,0.014171325,0.000000000,0.000000000,-0.000977422
11,FINE_SCAN_Q_FINE,mitp,q,-6.559985,V,5.600014,-6.559985,1.519997,onboard,10,0.000000000,0.013640657,0.000000000,0.000000000,-0.001056933
11,FINE_SCAN_Q_FINE,mitp,q,-6.549985,V,5.600014,-6.549985,1.519997,onboard,10,0.000000000,0.013107657,0.000000000,0.000000000,-0.001131125
11,FINE_SCAN_Q_FINE,mitp,q,-6.539985,V,5.600014,-6.539985,1.519997,onboard,10,0.000000000,0.012586126,0.000000000,0.000000000,-0.001198616
11,FINE_SCAN_Q_FINE,mitp,q,-6.529984,V,5.600014,-6.529984,1.519997,onboard,10,0.000000000,0.012062483,0.000000000,0.000000000,-0.001256425
11,FINE_SCAN_Q_FINE,mitp,q,-6.519984,V,5.600014,-6.519984,1.519997,onboard,10,0.000000000,0.011531050,0.000000000,0.000000000,-0.001313296
11,FINE_SCAN_Q_FINE,mitp,q,-6.509984,V,5.600014,-6.509984,1.519997,onboard,10,0.000000000,0.011009578,0.000000000,0.000000000,-0.001373514
11,FINE_SCAN_Q_FINE,mitp,q,-6.499984,V,5.600014,-6.499984,1.519997,onboard,10,0.000000000,0.010471455,0.000000000,0.000000000,-0.001428035
11,FINE_SCAN_Q_FINE,mitp,q,-6.489984,V,5.600014,-6.489984,1.519997,onboard,10,0.000000000,0.009939024,0.000000000,0.000000000,-0.001486658
11,FINE_SCAN_Q_FINE,mitp,q,-6.479983,V,5.600014,-6.479983,1.519997,onboard,10,0.000000000,0.009423064,0.000000000,0.000000000,-0.001542390
11,FINE_SCAN_Q_FINE,mitp,q,-6.469983,V,5.600014,-6.469983,1.519997,onboard,10,0.000000000,0.008924747,0.000000000,0.000000000,-0.001595829
11,FINE_SCAN_Q_FINE,mitp,q,-6.459983,V,5.600014,-6.459983,1.519997,onboard,10,0.000000000,0.008411854,0.000000000,0.000000000,-0.001648528
11,FINE_SCAN_Q_FINE,mitp,q,-6.449983,V,5.600014,-6.449983,1.519997,onboard,10,0.000000000,0.007884679,0.000000000,0.000000000,-0.001706555
11,FINE_SCAN_Q_FINE,mitp,q,-6.439982,V,5.600014,-6.439982,1.519997,onboard,10,0.000000000,0.007355915,0.000000000,0.000000000,-0.001759216
11,FINE_SCAN_Q_FINE,mitp,q,-6.429982,V,5.600014,-6.429982,1.519997,onboard,10,0.000000000,0.006822945,0.000000000,0.000000000,-0.001799349
11,FINE_SCAN_Q_FINE,mitp,q,-6.419982,V,5.600014,-6.419982,1.519997,onboard,10,0.000000000,0.006285879,0.000000000,0.000000000,-0.001833469
11,FINE_SCAN_Q_FINE,mitp,q,-6.409982,V,5.600014,-6.409982,1.519997,onboard,10,0.000000000,0.005756453,0.000000000,0.000000000,-0.001858638
11,FINE_SCAN_Q_FINE,mitp,q,-6.399981,V,5.600014,-6.399981,1.519997,onboard,10,0.000000000,0.005214811,0.000000000,0.000000000,-0.001881982
11,FINE_SCAN_Q_FINE,mitp,q,-6.389981,V,5.600014,-6.389981,1.519997,onboard,10,0.000000000,0.004685816,0.000000000,0.000000000,-0.001914677
11,FINE_SCAN_Q_FINE,mitp,q,-6.379981,V,5.600014,-6.379981,1.519997,onboard,10,0.000000000,0.004147054,0.000000000,0.000000000,-0.001956419
11,FINE_SCAN_Q_FINE,mitp,q,-6.369981,V,5.600014,-6.369981,1.519997,onboard,10,0.000000000,0.003614893,0.000000000,0.000000000,-0.001986568
11,FINE_SCAN_Q_FINE,mitp,q,-6.359981,V,5.600014,-6.359981,1.519997,onboard,10,0.000000000,0.003077750,0.000000000,0.000000000,-0.001999707
11,FINE_SCAN_Q_FINE,mitp,q,-6.349980,V,5.600014,-6.349980,1.519997,onboard,10,0.000000000,0.002551092,0.000000000,0.000000000,-0.002020997
11,FINE_SCAN_Q_FINE,mitp,q,-6.339980,V,5.600014,-6.339980,1.519997,onboard,10,0.000000000,0.002027742,0.000000000,0.000000000,-0.002042926
11,FINE_SCAN_Q_FINE,mitp,q,-6.329980,V,5.600014,-6.329980,1.519997,onboard,10,0.000000000,0.001508576,0.000000000,0.000000000,-0.002052503
11,FINE_SCAN_Q_FINE,mitp,q,-6.319980,V,5.600014,-6.319980,1.519997,onboard,10,0.000000000,0.000988032,0.000000000,0.000000000,-0.002049519
11,FINE_SCAN_Q_FINE,mitp,q,-6.309979,V,5.600014,-6.309979,1.519997,onboard,10,0.000000000,0.000463420,0.000000000,0.000000000,-0.002043613
11,FINE_SCAN_Q_FINE,mitp,q,-6.299979,V,5.600014,-6.299979,1.519997,onboard,10,0.000000000,0.000061044,0.000000000,0.000000000,-0.002032751
11,FINE_SCAN_Q_FINE,mitp,q,-6.289979,V,5.600014,-6.289979,1.519997,onboard,10,0.000000000,0.000591487,0.000000000,0.000000000,-0.002047654
11,FINE_SCAN_Q_FINE,mitp,q,-6.279979,V,5.600014,-6.279979,1.519997,onboard,10,0.000000000,0.001127122,0.000000000,0.000000000,-0.002043118
11,FINE_SCAN_Q_FINE,mitp,q,-6.269979,V,5.600014,-6.269979,1.519997,onboard,10,0.000000000,0.001660082,0.000000000,0.000000000,-0.002029604
11,FINE_SCAN_Q_FINE,mitp,q,-6.259978,V,5.600014,-6.259978,1.519997,onboard,10,0.000000000,0.002200862,0.000000000,0.000000000,-0.002029901
11,FINE_SCAN_Q_FINE,mitp,q,-6.249978,V,5.600014,-6.249978,1.519997,onboard,10,0.000000000,0.002739905,0.000000000,0.000000000,-0.002019317
11,FINE_SCAN_Q_FINE,mitp,q,-6.239978,V,5.600014,-6.239978,1.519997,onboard,10,0.000000000,0.003289857,0.000000000,0.000000000,-0.001997312
11,FINE_SCAN_Q_FINE,mitp,q,-6.229978,V,5.600014,-6.229978,1.519997,onboard,10,0.000000000,0.003831882,0.000000000,0.000000000,-0.001969209
11,FINE_SCAN_Q_FINE,mitp,q,-6.219977,V,5.600014,-6.219977,1.519997,onboard,10,0.000000000,0.004376763,0.000000000,0.000000000,-0.001958937
11,FINE_SCAN_Q_FINE,mitp,q,-6.209977,V,5.600014,-6.209977,1.519997,onboard,10,0.000000000,0.004912531,0.000000000,0.000000000,-0.001951890
11,FINE_SCAN_Q_FINE,mitp,q,-6.199977,V,5.600014,-6.199977,1.519997,onboard,10,0.000000000,0.005443768,0.000000000,0.000000000,-0.001919297
11,FINE_SCAN_Q_FINE,mitp,q,-6.189977,V,5.600014,-6.189977,1.519997,onboard,10,0.000000000,0.005976493,0.000000000,0.000000000,-0.001881487
11,FINE_SCAN_Q_FINE,mitp,q,-6.179976,V,5.600014,-6.179976,1.519997,onboard,10,0.000000000,0.006489765,0.000000000,0.000000000,-0.001852565
11,FINE_SCAN_Q_FINE,mitp,q,-6.169976,V,5.600014,-6.169976,1.519997,onboard,10,0.000000000,0.007012674,0.000000000,0.000000000,-0.001816061
11,FINE_SCAN_Q_FINE,mitp,q,-6.159976,V,5.600014,-6.159976,1.519997,onboard,10,0.000000000,0.007535929,0.000000000,0.000000000,-0.001766479
11,FINE_SCAN_Q_FINE,mitp,q,-6.149976,V,5.600014,-6.149976,1.519997,onboard,10,0.000000000,0.008074047,0.000000000,0.000000000,-0.001743929
11,FINE_SCAN_Q_FINE,mitp,q,-6.139976,V,5.600014,-6.139976,1.519997,onboard,10,0.000000000,0.008610948,0.000000000,0.000000000,-0.001674512
11,FINE_SCAN_Q_FINE,mitp,q,-6.129975,V,5.600014,-6.129975,1.519997,onboard,10,0.000000000,0.009140892,0.000000000,0.000000000,-0.001609966
11,FINE_SCAN_Q_FINE,mitp,q,-6.119975,V,5.600014,-6.119975,1.519997,onboard,10,0.000000000,0.009677997,0.000000000,0.000000000,-0.001553717
11,FINE_SCAN_Q_FINE,mitp,q,-6.109975,V,5.600014,-6.109975,1.519997,onboard,10,0.000000000,0.010217314,0.000000000,0.000000000,-0.001519618
11,FINE_SCAN_Q_FINE,mitp,q,-6.099975,V,5.600014,-6.099975,1.519997,onboard,10,0.000000000,0.010749967,0.000000000,0.000000000,-0.001450894
11,FINE_SCAN_Q_FINE,mitp,q,-6.089974,V,5.600014,-6.089974,1.519997,onboard,10,0.000000000,0.011280794,0.000000000,0.000000000,-0.001378545
11,FINE_SCAN_Q_FINE,mitp,q,-6.079974,V,5.600014,-6.079974,1.519997,onboard,10,0.000000000,0.011817123,0.000000000,0.000000000,-0.001311789
11,FINE_SCAN_Q_FINE,mitp,q,-6.069974,V,5.600014,-6.069974,1.519997,onboard,10,0.000000000,0.012356988,0.000000000,0.000000000,-0.001245667
11,FINE_SCAN_Q_FINE,mitp,q,-6.059974,V,5.600014,-6.059974,1.519997,onboard,10,0.000000000,0.012900649,0.000000000,0.000000000,-0.001183747
11,FINE_SCAN_Q_FINE,mitp,q,-6.049973,V,5.600014,-6.049973,1.519997,onboard,10,0.000000000,0.013437857,0.000000000,0.000000000,-0.001106613
11,FINE_SCAN_Q_FINE,mitp,q,-6.039973,V,5.600014,-6.039973,1.519997,onboard,10,0.000000000,0.013942060,0.000000000,0.000000000,-0.001022996
11,FINE_SCAN_Q_FINE,mitp,q,-6.029973,V,5.600014,-6.029973,1.519997,onboard,10,0.000000000,0.014467673,0.000000000,0.000000000,-0.000937991
11,FINE_SCAN_Q_FINE,mitp,q,-6.019973,V,5.600014,-6.019973,1.519997,onboard,10,0.000000000,0.014984787,0.000000000,0.000000000,-0.000856399
11,FINE_SCAN_Q_FINE,mitp,q,-6.009973,V,5.600014,-6.009973,1.519997,onboard,10,0.000000000,0.015503575,0.000000000,0.000000000,-0.000780057
11,FINE_SCAN_Q_FINE,mitp,q,-5.999972,V,5.600014,-5.999972,1.519997,onboard,10,0.000000000,0.016046694,0.000000000,0.000000000,-0.000695170
11,FINE_SCAN_Q_FINE,mitp,q,-5.989972,V,5.600014,-5.989972,1.519997,onboard,10,0.000000000,0.016583795,0.000000000,0.000000000,-0.000604081
11,FINE_SCAN_Q_FINE,mitp,q,-5.979972,V,5.600014,-5.979972,1.519997,onboard,10,0.000000000,0.017123260,0.000000000,0.000000000,-0.000505418
11,FINE_SCAN_Q_FINE,mitp,q,-5.969972,V,5.600014,-5.969972,1.519997,onboard,10,0.000000000,0.017669771,0.000000000,0.000000000,-0.000396044
11,FINE_SCAN_Q_FINE,mitp,q,-5.959971,V,5.600014,-5.959971,1.519997,onboard,10,0.000000000,0.018199401,0.000000000,0.000000000,-0.000279538
11,FINE_SCAN_Q_FINE,mitp,q,-5.949971,V,5.600014,-5.949971,1.519997,onboard,10,0.000000000,0.018725723,0.000000000,0.000000000,-0.000153155
11,FINE_SCAN_Q_FINE,mitp,q,-5.939971,V,5.600014,-5.939971,1.519997,onboard,10,0.000000000,0.019266345,0.000000000,0.000000000,-0.000022403
11,FINE_SCAN_Q_FINE,mitp,q,-5.929971,V,5.600014,-5.929971,1.519997,onboard,10,0.000000000,0.019785598,0.000000000,0.000000000,0.000079363
11,FINE_SCAN_Q_FINE,mitp,q,-5.919971,V,5.600014,-5.919971,1.519997,onboard,10,0.000000000,0.020342054,0.000000000,0.000000000,0.000185686
11,FINE_SCAN_Q_FINE,mitp,q,-5.909970,V,5.600014,-5.909970,1.519997,onboard,10,0.000000000,0.020881515,0.000000000,0.000000000,0.000301290
11,FINE_SCAN_Q_FINE,mitp,q,-5.899970,V,5.600014,-5.899970,1.519997,onboard,10,0.000000000,0.021403069,0.000000000,0.000000000,0.000427138
11,FINE_SCAN_Q_FINE,mitp,q,-5.889970,V,5.600014,-5.889970,1.519997,onboard,10,0.000000000,0.021939341,0.000000000,0.000000000,0.000558408
11,FINE_SCAN_Q_FINE,mitp,q,-5.879970,V,5.600014,-5.879970,1.519997,onboard,10,0.000000000,0.022447806,0.000000000,0.000000000,0.000689284
11,FINE_SCAN_Q_FINE,mitp,q,-5.869969,V,5.600014,-5.869969,1.519997,onboard,10,0.000000000,0.022926982,0.000000000,0.000000000,0.000786652
11,FINE_SCAN_Q_FINE,mitp,q,-5.859969,V,5.600014,-5.859969,1.519997,onboard,10,0.000000000,0.023429912,0.000000000,0.000000000,0.000904497
11,FINE_SCAN_Q_FINE,mitp,q,-5.849969,V,5.600014,-5.849969,1.519997,onboard,10,0.000000000,0.023947727,0.000000000,0.000000000,0.001049689
11,FINE_SCAN_Q_FINE,mitp,q,-5.839969,V,5.600014,-5.839969,1.519997,onboard,10,0.000000000,0.024508765,0.000000000,0.000000000,0.001223271
11,FINE_SCAN_Q_FINE,mitp,q,-5.829968,V,5.600014,-5.829968,1.519997,onboard,10,0.000000000,0.025053088,0.000000000,0.000000000,0.001378466
11,FINE_SCAN_Q_FINE,mitp,q,-5.819968,V,5.600014,-5.819968,1.519997,onboard,10,0.000000000,0.025569212,0.000000000,0.000000000,0.001504697
11,FINE_SCAN_Q_FINE,mitp,q,-5.809968,V,5.600014,-5.809968,1.519997,onboard,10,0.000000000,0.026101176,0.000000000,0.000000000,0.001646096
11,FINE_SCAN_Q_FINE,mitp,q,-5.799968,V,5.600014,-5.799968,1.519997,onboard,10,0.000000000,0.026627759,0.000000000,0.000000000,0.001800787
11,FINE_SCAN_Q_FINE,mitp,q,-5.789968,V,5.600014,-5.789968,1.519997,onboard,10,0.000000000,0.027173188,0.000000000,0.000000000,0.001959855
11,FINE_SCAN_Q_FINE,mitp,q,-5.779967,V,5.600014,-5.779967,1.519997,onboard,10,0.000000000,0.027685467,0.000000000,0.000000000,0.002121530
11,FINE_SCAN_Q_FINE,mitp,q,-5.769967,V,5.600014,-5.769967,1.519997,onboard,10,0.000000000,0.028250087,0.000000000,0.000000000,0.002293140
11,FINE_SCAN_Q_FINE,mitp,q,-5.759967,V,5.600014,-5.759967,1.519997,onboard,10,0.000000000,0.028777514,0.000000000,0.000000000,0.002467924
11,FINE_SCAN_Q_FINE,mitp,q,-5.749967,V,5.600014,-5.749967,1.519997,onboard,10,0.000000000,0.029299816,0.000000000,0.000000000,0.002645219
11,FINE_SCAN_Q_FINE,mitp,q,-5.739966,V,5.600014,-5.739966,1.519997,onboard,10,0.000000000,0.029827129,0.000000000,0.000000000,0.002818226
11,FINE_SCAN_Q_FINE,mitp,q,-5.729966,V,5.600014,-5.729966,1.519997,onboard,10,0.000000000,0.030337015,0.000000000,0.000000000,0.002993704
11,FINE_SCAN_Q_FINE,mitp,q,-5.719966,V,5.600014,-5.719966,1.519997,onboard,10,0.000000000,0.030820465,0.000000000,0.000000000,0.003170889
11,FINE_SCAN_Q_FINE,mitp,q,-5.709966,V,5.600014,-5.709966,1.519997,onboard,10,0.000000000,0.031310678,0.000000000,0.000000000,0.003360019
